FDA_APPROVED,CT_TOX,standardised_smiles,Identifier
1.0,0.0,Brc1c(NC2=NCCN2)ccc2nccnc12,[146]
1.0,0.0,C#CC(O)(/C=C/Cl)CC,[1100]
1.0,0.0,C#CC1(OC(=N)O)CCCCC1,[15]
1.0,0.0,C#CCC(Cc1cnc2nc(=N)[nH]c(N)c2n1)c1ccc(C(=O)NC(CCC(=O)O)C(=O)O)cc1,[17]
1.0,0.0,C#CCN(C)Cc1ccccc1,[600]
1.0,0.0,C#CCN(C)[C@H](C)Cc1ccccc1,[508]
1.0,0.0,C#CCN[C@@H]1CCc2ccccc21,[16]
1.0,0.0,C#C[C@]1(O)CC[C@H]2[C@@H]3CC=C4CC(=O)CCC4[C@H]3C(=C)C[C@@]21CC,[1061]
1.0,0.0,C#C[C@]1(O)CC[C@H]2[C@@H]3CC=C4CC(=O)CCC4[C@H]3CC[C@@]21C,"[470, 471]"
1.0,0.0,C#C[C@]1(O)CC[C@H]2[C@@H]3CC=C4CC(=O)CCC4[C@H]3CC[C@@]21CC,[1063]
1.0,0.0,C#C[C@]1(O)CC[C@H]2[C@@H]3CCC4=CC(=NO)CC[C@@H]4[C@H]3CC[C@@]21CC,[1062]
1.0,0.0,C#C[C@]1(O)CC[C@H]2[C@@H]3CCC4=Cc5oncc5C[C@]4(C)[C@H]3CC[C@@]21C,[472]
1.0,0.0,C#C[C@]1(O)CC[C@H]2[C@@H]3CCc4cc(O)ccc4[C@H]3CC[C@@]21C,[459]
1.0,0.0,C#C[C@]1(O)CC[C@H]2[C@@H]3CCc4cc(OC)ccc4[C@H]3CC[C@@]21C,[460]
1.0,0.0,C#C[C@]1(O)CC[C@H]2[C@@H]3CCc4cc(OC5CCCC5)ccc4[C@H]3CC[C@@]21C,[461]
1.0,0.0,C#C[C@]1(OC(C)=O)CC[C@H]2[C@@H]3CC=C4CC(=O)CCC4[C@H]3CC[C@@]21C,[832]
1.0,0.0,C#C[C@]1(OC(C)=O)CC[C@H]2[C@@H]3CCC4=CC(=NO)CC[C@@H]4[C@H]3CC[C@@]21CC,[1064]
1.0,0.0,C#C[C@]1(OC(C)=O)CC[C@H]2[C@@H]3CCC4=C[C@@H](OC(C)=O)CC[C@@H]4[C@H]3CC[C@@]21C,[840]
0.0,1.0,C#Cc1cccc(Nc2ncnc3cc(OCCOC)c(OCCOC)cc23)c1,"[1465, 1466, 1467]"
1.0,0.0,C#N,"[18, 19]"
1.0,0.0,C/C(=C\c1csc(C)n1)[C@@H]1C[C@@H]2O[C@]2(C)CCC[C@H](C)[C@H](O)C(C)C(=O)C(C)(C)[C@@H](O)CC(O)=N1,[1034]
1.0,1.0,C/C=C/C[C@@H](C)[C@@H](O)C1C(O)=NC(CC)C(=O)N(C)CC(=O)N(C)[C@@H](CC(C)C)C(O)=N[C@@H](C(C)C)C(=O)N(C)[C@@H](CC(C)C)C(O)=N[C@@H](C)C(O)=N[C@H](C)C(=O)N(C)[C@@H](CC(C)C)C(=O)N(C)[C@@H](CC(C)C)C(=O)N(C)[C@@H](C(C)C)C(=O)N1C,[1070]
1.0,0.0,C1CNCCN1,[360]
1.0,0.0,C=C(C)[C@@H]1CC[C@@]2(C1)C(C)=CCC[C@@H]2C,[541]
1.0,0.0,C=C(CC)C(=O)c1ccc(OCC(=O)O)c(Cl)c1Cl,[1105]
1.0,0.0,C=C(c1ccc(C(=O)O)cc1)c1cc2c(cc1C)C(C)(C)CCC2(C)C,[978]
1.0,0.0,C=C/C=C/CC1=C(C)C(OC(=O)C2[C@@H](C=C(C)C)C2(C)C)CC1=O,[917]
1.0,0.0,C=C1/C(=C\C=C2/CCC[C@]3(C)[C@@H]([C@H](C)/C=C/[C@@H](O)C4CC4)CC[C@@H]23)C[C@@H](O)C[C@@H]1O,[493]
1.0,0.0,C=C1/C(=C\C=C2/CCC[C@]3(C)[C@@H]([C@H](C)/C=C/[C@H](C)C(C)C)CC[C@@H]23)C[C@@H](O)C[C@@H]1O,[491]
0.0,1.0,C=C1/C(=C\C=C2/CCC[C@]3(C)[C@@H]([C@H](C)CCCC(C)(C)O)CC[C@@H]23)C[C@@H](O)C[C@@H]1O,[511]
1.0,0.0,C=C1CC[C@@]2(O)[C@H]3Cc4ccc(O)c5c4[C@@]2(CCN3CC2CC2)[C@H]1O5,[987]
1.0,0.0,C=C1CC[C@H](O)C/C1=C/C=C1\CCC[C@]2(C)[C@@H]([C@H](C)/C=C/[C@H](C)C(C)C)CC[C@@H]12,[492]
1.0,0.0,C=C1CC[C@H](O)C/C1=C/C=C1\CCC[C@]2(C)[C@@H]([C@H](C)CCCC(C)(C)O)CC[C@@H]12,[512]
1.0,0.0,C=C1CC[C@H](O)C/C1=C/C=C1\CCC[C@]2(C)[C@@H]([C@H](C)CCCC(C)C)CC[C@@H]12,[513]
0.0,1.0,C=C1C[C@@H]2CC[C@@]34C[C@H]5O[C@H]6[C@@H](O3)[C@H]3O[C@H](CC[C@@H]3O[C@H]6[C@H]5O4)CC(=O)C[C@@H]3[C@@H](OC)[C@@H](C[C@H](O)CN)O[C@H]3C[C@H]3O[C@@H](CC[C@@H]1O2)C[C@@H](C)C3=C,[418]
1.0,0.0,C=C1C[C@@H]2[C@H](CC[C@]3(C)C(=O)CC[C@@H]23)[C@@]2(C)C=CC(=O)C=C12,[477]
0.0,1.0,C=C1N(CCCCCC(=O)O)c2ccccc2C1(C)C,[877]
1.0,0.0,C=C1[C@H](CO)[C@@H](O)C[C@@H]1n1cnc2c(O)nc(=N)[nH]c21,[889]
1.0,0.0,C=C1c2cccc(O)c2C(=O)C2C(=O)[C@]3(O)C(=O)C(C(=N)O)C(=O)C(N(C)C)[C@@H]3[C@@H](O)[C@H]12,[568]
1.0,0.0,C=CC(N)CCC(=O)O,[1116]
1.0,0.0,C=CC1=C(C(=O)O)N2C(=O)C(=NC(=O)C(NOCC(=O)O)c3csc(=N)[nH]3)C2SC1,[1152]
1.0,0.0,C=CC1=C(C(=O)O)N2C(=O)C(NC(=O)C(=NO)c3csc(=N)[nH]3)C2SC1,[1151]
1.0,0.0,C=CCC1(C(C)C#CCC)C(=O)N(C)C(=O)N=C1O,[1099]
1.0,0.0,C=CCC1(C(C)CC)C(O)=NC(=O)N=C1O,[1107]
1.0,0.0,C=CCC1(C(C)CCC)C(O)=NC(=O)N=C1O,[1184]
1.0,0.0,C=CCC1(C(C)CCC)C(O)=NC(=S)N=C1O,[1182]
1.0,0.0,C=CCC1(CC(C)C)C(O)=NC(=O)N=C1O,[746]
1.0,0.0,C=CCC1=CC(C)C[C@H](C)C[C@H](OC)[C@H]2O[C@@](O)(C(=O)C(=O)N3CCCCC3C(=O)O[C@H](/C(C)=C/[C@@H]3CC[C@@H](O)[C@H](OC)C3)[C@H](C)[C@@H](O)CC1=O)[C@H](C)C[C@@H]2OC,[416]
1.0,0.0,C=CCN1CC[C@]23CCCC[C@H]2[C@H]1Cc1ccc(O)cc13,[1174]
1.0,0.0,C=CCN1CC[C@]23c4c5ccc(O)c4OC2C(=O)CC[C@@]3(O)[C@H]1C5,[1173]
1.0,0.0,C=CCNCCCCCC[N+](C)(C)C,[546]
1.0,0.0,C=CCOc1ccccc1OCC(O)CNC(C)C,[722]
1.0,0.0,C=CC[N+]1([C@H]2C[C@H]3[C@@H]4CC[C@H]5C[C@H](O)[C@@H](N6CCOCC6)C[C@]5(C)[C@H]4CC[C@]3(C)[C@H]2OC(C)=O)CCCC1,[833]
1.0,0.0,C=CC[N+]1([C@H]2C[C@H]3[C@@H]4CC[C@H]5C[C@H](OC(C)=O)[C@@H](N6CCCCC6)C[C@]5(C)[C@H]4CC[C@]3(C)[C@H]2OC(=O)CC)CCCCC1,[1130]
1.0,0.0,C=CN1CCCC1=O,[1302]
1.0,0.0,C=C[C@H]1CN2CC[C@H]1C[C@@H]2[C@@H](O)c1ccnc2ccc(OC)cc12,[1455]
1.0,0.0,C=C[C@H]1CN2CC[C@H]1C[C@H]2[C@H](O)c1ccnc2ccc(OC)cc12,[1456]
1.0,0.0,C=C[C@]1(C)C[C@@H](OC(=O)CSC2C[C@H]3CC[C@@H](C2)N3C)[C@@]2(C)C3C(=O)CC[C@@]3(CC[C@H]2C)[C@@H](C)[C@@H]1O,[429]
1.0,0.0,C=Cc1c(C)c2[nH]c1=Cc1[nH]c(c(=CCC(=O)O)c1C)=Cc1[nH]c(c(C)c1CCC(=O)OC)C=C1N=C(C=2)C2=CC=C(C(=O)OC)C(C(=O)OC)[C@@]12C,[959]
1.0,0.0,C=c1cc(C)[nH]c1=Cc1c(O)[nH]c2ccccc12,[962]
1.0,0.0,CC#CCC(C)[C@H](O)/C=C/[C@@H]1[C@H]2C/C(=C/CCCC(=O)O)C[C@H]2C[C@H]1O,[653]
1.0,0.0,CC#CCn1c(N2CCC[C@@H](N)C2)nc2c1c(=O)n(Cc1nc(C)c3ccccc3n1)c(=O)n2C,[654]
1.0,0.0,CC#C[C@]1(O)CC[C@H]2C3=C(C4=C(CC3)CC(=O)CC4)C(c3ccc(N(C)C)cc3)C[C@@]21C,[652]
1.0,0.0,CC(=CC(=O)OCCCCCCCCC(=O)O)C[C@@H]1OC[C@H](C[C@@H]2O[C@H]2[C@@H](C)[C@H](C)O)[C@@H](O)[C@H]1O,[498]
1.0,0.0,CC(=NO)C(C)NCC(C)(C)CNC(C)C(C)=NO,[392]
1.0,0.0,CC(=O)/N=c1\sc(S(N)(=O)=O)nn1C,[795]
1.0,0.0,CC(=O)C(N=C(O)[C@@H]1CSSC[C@H](N=C(O)[C@H](N)Cc2ccc3ccccc3c2)C(O)=N[C@@H](Cc2ccc(O)cc2)C(O)=N[C@H](Cc2c[nH]c3ccccc23)C(O)=N[C@@H](CCCCN)C(O)=N[C@@H](C(C)C)C(O)=N1)C(N)O,[494]
1.0,0.0,CC(=O)C(O)Nc1c(I)c(C(O)=NC(CO)CO)c(I)c(C(O)=NC(CO)CO)c1I,[396]
1.0,0.0,CC(=O)C(O)O,[658]
1.0,0.0,CC(=O)C1CC[C@H]2C3=CC=C4CC(=O)CC[C@@]4(C)[C@@H]3CC[C@]12C,[797]
1.0,0.0,CC(=O)C1CC[C@H]2[C@@H]3CC(C)=C4CC(=O)CC[C@]4(C)[C@H]3[C@@H](O)C[C@]12C,[535]
1.0,0.0,CC(=O)C1CC[C@H]2[C@@H]3CC=C4CC(=O)CC[C@]4(C)[C@H]3CC[C@]12C,[798]
1.0,0.0,CC(=O)C1N=C(O)C(CCCCN)N=C(O)C(Cc2c[nH]c3ccccc23)N=C(O)C(Cc2ccccc2)N=C(O)C(N=C(O)C(N)Cc2ccccc2)CSSCC(C(O)=NC(CO)C(C)O)NC1O,[767]
1.0,0.0,CC(=O)CC(c1ccccc1)c1c(O)c2ccccc2oc1=O,[805]
1.0,0.0,CC(=O)CCCCn1c(=O)c2c(ncn2C)n(C)c1=O,[807]
1.0,0.0,CC(=O)N(C)c1c(I)c(N=C(C)O)c(I)c(C(=O)O)c1I,[821]
1.0,0.0,CC(=O)N(C)c1c(I)c(N=C(C)O)c(I)c(C(O)=N[C@H]2C(O)O[C@H](CO)[C@@H](O)[C@@H]2O)c1I,[822]
1.0,0.0,CC(=O)N(CC(C)C(=O)O)c1c(I)cc(I)c(N)c1I,[787]
1.0,0.0,CC(=O)N(CC(O)CN(C(C)=O)c1c(I)c(C(O)=NCC(O)CO)c(I)c(C(O)=NCC(O)CO)c1I)c1c(I)c(C(O)=NCC(O)CO)c(I)c(C(O)=NCC(O)CO)c1I,[809]
1.0,0.0,CC(=O)N(CC(O)CO)c1c(I)c(C(O)=NCC(O)CO)c(I)c(C(O)=NCC(O)CO)c1I,[810]
1.0,0.0,CC(=O)N(CC(O)CO)c1c(I)c(C(O)=NCCO)c(I)c(C(O)=NCC(O)CO)c1I,[811]
1.0,0.0,CC(=O)N(O)CCCCCN=C(O)CCC(=O)N(O)CCCCCN=C(O)CCC(=O)N(O)CCCCCN,[812]
1.0,0.0,CC(=O)N(c1onc(C)c1C)S(=O)(=O)c1ccc(N)cc1,[947]
0.0,0.0,CC(=O)N1CCN(c2ccc(OC[C@H]3CO[C@](Cn4ccnc4)(c4ccc(Cl)cc4Cl)O3)cc2)CC1,"[813, 814]"
1.0,0.0,CC(=O)O,[800]
1.0,0.0,CC(=O)OC(C)C[N+](C)(C)C,[775]
1.0,1.0,CC(=O)OC1=C2C(C)[C@@H](OC(=O)C(O)C(N=C(O)c3ccccc3)c3ccccc3)C[C@@](O)([C@@H](OC(=O)c3ccccc3)[C@@H]3[C@]4(OC(C)=O)CO[C@@H]4C[C@H](O)[C@@]3(C)C1=O)C2(C)C,[952]
1.0,0.0,CC(=O)OC=C1CSC2C(N=C(O)C(N)c3ccccc3)C(=O)N2C1C(=O)O,[854]
1.0,0.0,CC(=O)OC=C1CSC2C(N=C(O)CSc3ccncc3)C(=O)N2C1C(=O)O,[856]
1.0,0.0,CC(=O)OC=C1CSC2C(N=C(O)Cc3cccs3)C(=O)N2C1C(=O)O,[855]
1.0,0.0,CC(=O)OCC(=O)C1CC[C@H]2[C@@H]3CC=C4CC(=O)CC[C@]4(C)[C@H]3CC[C@]12C,[852]
1.0,0.0,CC(=O)OCC(=O)[C@@]1(O)CC[C@H]2[C@@H]3CC=C4CC(=O)CC[C@]4(C)C3C(=O)C[C@@]21C,[851]
1.0,0.0,CC(=O)OCC(=O)[C@@]1(O)CC[C@H]2[C@@H]3CC=C4CC(=O)CC[C@]4(C)[C@@]3(F)[C@@H](O)C[C@@]21C,[849]
1.0,0.0,CC(=O)OCC(=O)[C@@]1(O)CC[C@H]2[C@@H]3CC=C4CC(=O)CC[C@]4(C)[C@H]3[C@@H](O)C[C@@]21C,[850]
1.0,0.0,CC(=O)OCC(=O)[C@@]1(O)[C@@H](C)C[C@H]2[C@@H]3CC=C4CC(=O)C=C[C@]4(C)[C@@]3(F)[C@@H](O)C[C@@]21C,[538]
1.0,0.0,CC(=O)OCC(=O)[C@@]1(O)[C@H](C)C[C@H]2[C@@H]3CC(F)=C4CC(=O)C=C[C@]4(C)[C@H]3[C@@H](O)C[C@@]21C,[422]
1.0,0.0,CC(=O)OCC(=O)[C@@]1(OC(C)=O)[C@@H](C)C[C@H]2[C@@H]3CC(F)=C4CC(=O)C=C[C@]4(C)[C@@]3(F)[C@@H](O)C[C@@]21C,[530]
1.0,0.0,CC(=O)OCC(=O)[C@@]12OC(C)(C)O[C@@H]1C[C@H]1[C@@H]3CC(F)=C4CC(=O)C=C[C@]4(C)[C@@]3(F)[C@@H](O)C[C@@]12C,[847]
1.0,0.0,CC(=O)OCC(=O)[C@@]12OC3(CCCC3)O[C@@H]1C[C@H]1[C@@H]3CC=C4CC(=O)C=C[C@]4(C)[C@@]3(F)[C@@H](O)C[C@@]12C,[848]
1.0,0.0,CC(=O)OCC(CCn1cnc2c[nH]c(=N)nc21)COC(C)=O,[846]
1.0,0.0,CC(=O)OCC[N+](C)(C)C,[857]
1.0,1.0,CC(=O)O[C@@]12CO[C@@H]1C[C@H](O)[C@@]1(C)C(=O)C(=O)C3C(C)C(OC(=O)C(O)C(N=C(O)OC(C)(C)C)c4ccccc4)C[C@@](O)([C@@H](OC(=O)c4ccccc4)[C@H]21)C3(C)C,[953]
1.0,0.0,CC(=O)O[C@H]1CC[C@@]2(C)C(=CC[C@@H]3[C@@H]2CC[C@]2(C)C(c4cccnc4)=CC[C@@H]32)C1,"[838, 839]"
1.0,0.0,CC(=O)O[C@H]1C[C@@H]2CC[C@@H]3[C@H](CC[C@@]4(C)[C@H]3C[C@H](N3CC[N+](C)(C)CC3)[C@@H]4OC(C)=O)[C@@]2(C)C[C@@H]1N1CC[N+](C)(C)CC1,[836]
1.0,0.0,CC(=O)O[C@H]1C[C@@H]2CC[C@@H]3[C@H](CC[C@@]4(C)[C@H]3C[C@H]([N+]3(C)CCCCC3)[C@@H]4OC(C)=O)[C@@]2(C)C[C@@H]1N1CCCCC1,[835]
1.0,0.0,CC(=O)O[C@H]1C[C@@H]2CC[C@@H]3[C@H](CC[C@@]4(C)[C@H]3C[C@H]([N+]3(C)CCCCC3)[C@@H]4OC(C)=O)[C@@]2(C)C[C@@H]1[N+]1(C)CCCCC1,[834]
1.0,0.0,CC(=O)O[C@H]1C[C@H](OC2[C@@H](O)C[C@H](O[C@H]3[C@@H](O)C[C@H](OC4CC[C@@]5(C)[C@H](CC[C@@H]6[C@@H]5CC[C@]5(C)C(c7coc(O)c7)CC[C@]65O)C4)O[C@@H]3C)O[C@@H]2C)O[C@H](C)[C@H]1O,[414]
0.0,1.0,CC(=O)O[C@H]1Cc2ccccc2N(C(=N)O)c2ccccc21,[837]
1.0,0.0,CC(=O)O[C@]1(C(C)=O)CC[C@H]2C3=C(C4=C(CC3)CC(=O)CC4)C(c3ccc(N(C)C)cc3)C[C@@]21C,[796]
1.0,0.0,CC(=O)O[C@]1(C(C)=O)CC[C@H]2C3=CC(C)=C4CC(=O)CC[C@]4(C)[C@H]3CC[C@@]21C,[960]
1.0,0.0,CC(=O)O[C@]1(C(C)=O)CC[C@H]2[C@@H]3CC(C)=C4CC(=O)C=C[C@]4(C)[C@@]3(F)[C@@H](O)C[C@@]21C,[532]
1.0,0.0,CC(=O)O[C@]1(C(C)=O)CC[C@H]2[C@@H]3CC(C)=C4CC(=O)CC[C@]4(C)[C@H]3CC[C@@]21C,[529]
1.0,0.0,CC(=O)Oc1c(C)c(C)c2c(c1C)CCC(C)(CCCC(C)CCCC(C)CCCC(C)C)O2,[900]
1.0,0.0,CC(=O)Oc1c(C)c(C)c2c(c1C)CC[C@@](C)(CCC[C@H](C)CCC[C@H](C)CCCC(C)C)O2,[899]
1.0,0.0,CC(=O)Oc1c(C)cc(OCC(O)CNC(C)C)c(C)c1C,[966]
1.0,0.0,CC(=O)Oc1cc2c(s1)CCN(C(C(=O)C1CC1)c1ccccc1F)C2,[841]
1.0,0.0,CC(=O)Oc1ccc(C(c2ccc(OC(C)=O)cc2)c2ccccn2)cc1,[842]
1.0,0.0,CC(=O)Oc1ccccc1C(=O)O,"[843, 845]"
1.0,0.0,CC(=O)Oc1ccccc1C(O)=Nc1ncc([N+](=O)[O-])s1,[844]
1.0,0.0,CC(=O)S[C@@H]1C=C2CC(=O)CC[C@]2(C)[C@H]2CC[C@@]3(C)[C@@H](CC[C@@]34CCC(=O)O4)[C@H]12,[858]
1.0,0.0,CC(=O)[C@@]1(O)C=C(O[C@H]2C[C@H](N)[C@H](O)[C@H](C)O2)c2c(c(O)c3c(O)c4ccccc4c(O)c3c2O)C1,[525]
1.0,0.0,CC(=O)[C@@]1(O)CC[C@H]2[C@@H]3CC(C)=C4CC(=O)C=C[C@]4(C)[C@@]3(F)[C@@H](O)C[C@@]21C,[531]
1.0,0.0,CC(=O)c1ccc(S(=O)(=O)NC(O)=NC2CCCCC2)cc1,[802]
1.0,0.0,CC(=O)c1ccc2c(c1)N(CCCN1CCC(CCO)CC1)c1ccccc1S2,[803]
1.0,0.0,CC(=O)c1ccc2c(c1)N(CCCN1CCN(CCO)CC1)c1ccccc1S2,[804]
1.0,0.0,CC(C(=O)O)c1ccc(-c2ccccc2)c(F)c1,[769]
1.0,0.0,CC(C(=O)O)c1ccc(C(=O)c2cccs2)cc1,[771]
1.0,0.0,CC(C(=O)O)c1cccc(C(=O)c2ccccc2)c1,[772]
1.0,0.0,CC(C(=O)O)c1cccc(Oc2ccccc2)c1,[773]
1.0,1.0,CC(C)(C#N)c1cc(Cn2cncn2)cc(C(C)(C)C#N)c1,"[663, 664]"
1.0,0.0,CC(C)(C(=O)O)c1ccc(C(O)CCCN2CCC(C(O)(c3ccccc3)c3ccccc3)CC2)cc1,[690]
1.0,0.0,CC(C)(C(=O)c1cccnc1)c1cccnc1,[692]
1.0,0.0,CC(C)(C)C(=O)OCC(=O)C1CCC2C3CC=C4CC(=O)CCC4(C)C3CCC12C,[888]
1.0,1.0,CC(C)(C)C(=O)OCOP(=O)(COCCn1cnc2c(N)ncnc21)OCOC(=O)C(C)(C)C,[682]
1.0,0.0,CC(C)(C)CC(=O)OCC(=O)[C@@]1(O)CC[C@H]2[C@@H]3CC=C4CC(=O)C=C[C@]4(C)[C@H]3[C@@H](O)C[C@@]21C,[454]
1.0,0.0,CC(C)(C)CC(=O)OCC(=O)[C@@]12OC(C)(C)O[C@@H]1C[C@H]1[C@@H]3CC=C4CC(=O)C=C[C@]4(C)[C@@]3(F)[C@@H](O)C[C@@]12C,[448]
1.0,0.0,CC(C)(C)CC(C)(C)c1ccc(O)cc1,[687]
1.0,0.0,CC(C)(C)N=C(O)C1CC[C@H]2[C@@H]3CC[C@H]4N=C(O)C=C[C@]4(C)[C@H]3CC[C@]12C,[464]
1.0,0.0,CC(C)(C)N=C(O)C1CN(Cc2cccnc2)CCN1C[C@@H](O)CC(Cc1ccccc1)C(O)=N[C@H]1c2ccccc2C[C@H]1O,[689]
1.0,0.0,CC(C)(C)N=C(O)C1C[C@@H]2CCCC[C@@H]2CN1CC(=O)C(Cc1ccccc1)N=C(O)C(CC(N)O)NC(=O)c1ccc2ccccc2n1,[688]
1.0,0.0,CC(C)(C)NC(O)=NC(C(=O)N1C[C@H]2[C@@H](C1C(O)=NC(CC1CCC1)C(=O)C(N)=O)C2(C)C)C(C)(C)C,[875]
1.0,0.0,CC(C)(C)NCC(O)COc1cccc2c1CCC(O)=N2,[678]
1.0,0.0,CC(C)(C)NCC(O)COc1cccc2c1C[C@H](O)[C@H](O)C2,[677]
1.0,0.0,CC(C)(C)NCC(O)c1cc(O)cc(O)c1,[674]
1.0,0.0,CC(C)(C)NCC(O)c1ccc(O)c(CO)c1,[675]
1.0,0.0,CC(C)(C)NCC(O)c1ccc(O)c(CO)n1,[676]
1.0,0.0,CC(C)(C)NC[C@H](O)COc1cccc2c1CCCC2=O,[672]
1.0,0.0,CC(C)(C)NC[C@H](O)COc1ccccc1C1CCCC1,[673]
1.0,0.0,CC(C)(C)NC[C@H](O)COc1nsnc1N1CCOCC1,[671]
1.0,0.0,CC(C)(C)NC[C@H](O)c1ccc(O)c(CO)c1,[670]
1.0,0.0,CC(C)(C)c1ccc(CN2CCN(C(c3ccccc3)c3ccc(Cl)cc3)CC2)cc1,[685]
1.0,0.0,CC(C)(CO)C(=O)C(O)NCCC(=O)O,[696]
1.0,0.0,CC(C)(CO)C(=O)C(O)NCCCO,[697]
1.0,0.0,CC(C)(N)Cc1ccc(Cl)cc1,[693]
1.0,0.0,CC(C)(N)Cc1ccccc1,[695]
1.0,0.0,CC(C)(O)c1ccccc1CC[C@@H](SCC1(CC(=O)O)CC1)c1cccc(/C=C/c2ccc3ccc(Cl)cc3n2)c1,[691]
1.0,0.0,CC(C)(ON=C(C(O)=NC1C(=O)N2C(C(=O)O)=C(C[n+]3ccccc3)CSC12)c1csc(=N)[nH]1)C(=O)[O-],[666]
1.0,0.0,CC(C)(Oc1ccc(C(=O)c2ccc(Cl)cc2)cc1)C(=O)O,[667]
1.0,0.0,CC(C)(Oc1ccc(C(=O)c2ccc(Cl)cc2)cc1)C(O)=NCCS(=O)(=O)O,[668]
1.0,0.0,CC(C)(S)C(N)C(=O)O,[662]
1.0,0.0,CC(C)(Sc1cc(C(C)(C)C)c(O)c(C(C)(C)C)c1)Sc1cc(C(C)(C)C)c(O)c(C(C)(C)C)c1,[683]
1.0,0.0,CC(C)/N=c1\cc2n(-c3ccc(Cl)cc3)c3ccccc3[nH]c-2cc1=Nc1ccc(Cl)cc1,[699]
1.0,0.0,CC(C)=CCN1CC[C@@]2(C)c3cc(O)ccc3C[C@@H]1[C@@H]2C,[527]
1.0,0.0,CC(C)=c1nc(N(C)S(C)(=O)=O)nc(-c2ccc(F)cc2)c1=CC[C@@H](O)C[C@@H](O)CC(=O)O,[731]
1.0,0.0,CC(C)C(=O)Oc1ccc(CO)cc1[C@H](CCN(C(C)C)C(C)C)c1ccccc1,[728]
1.0,0.0,CC(C)C(N)C(=O)OCC(CO)OCn1cnc2c(O)nc(=N)[nH]c21,[700]
1.0,0.0,CC(C)C(N)C(=O)OCCOCn1cnc2c(O)nc(=N)[nH]c21,"[701, 702]"
1.0,0.0,CC(C)C(O)=Nc1ccc([N+](=O)[O-])c(C(F)(F)F)c1,[726]
1.0,0.0,CC(C)C1CCC(C(O)=NC(Cc2ccccc2)C(=O)O)CC1,[655]
1.0,0.0,CC(C)CC(N(C)C)C1(c2ccc(Cl)cc2)CCC1,[745]
0.0,1.0,CC(C)CC(N=C(O)C(CCc1ccccc1)N=C(O)CN1CCOCC1)C(O)=N[C@@H](Cc1ccccc1)C(O)=N[C@@H](CC(C)C)C(=O)[C@@]1(C)CO1,[737]
1.0,0.0,CC(C)CC(N=C(O)C(COC(C)(C)C)N=C(O)C(Cc1ccc(O)cc1)N=C(O)C(CO)N=C(O)C(Cc1c[nH]c2ccccc12)N=C(O)C(Cc1cnc[nH]1)N=C(O)C1CCC(O)=N1)C(O)=NC(CCCNC(=N)N)C(=O)N1CCCC1C(O)=NNC(=N)O,[743]
1.0,0.0,CC(C)CC(N=C(O)C(Cc1ccc2ccccc2c1)N=C(O)C(Cc1ccc(O)cc1)N=C(O)C(CO)N=C(O)C(Cc1c[nH]c2ccccc12)N=C(O)C(Cc1cnc[nH]1)N=C(O)C1CCC(O)=N1)C(O)=NC(CCCNC(=N)N)C(=O)N1CCCC1C(O)=NCC(=N)O,[744]
1.0,0.0,CC(C)CC(N=C(O)CN=C(O)[C@H](Cc1ccc(O)cc1)N=C(O)[C@H](CO)N=C(O)[C@H](Cc1c[nH]c2ccccc12)N=C(O)[C@H](Cc1cnc[nH]1)N=C(O)[C@@H]1CCC(O)=N1)C(O)=N[C@@H](CCCNC(=N)N)C(=O)N1CCC[C@H]1C(O)=NCC(=N)O,[739]
0.0,1.0,CC(C)CC(N=C(O)[C@@H](COC(C)(C)C)N=C(O)[C@H](Cc1ccc(O)cc1)N=C(O)[C@H](CO)N=C(O)[C@H](Cc1c[nH]c2ccccc12)N=C(O)[C@H](Cc1cnc[nH]1)N=C(O)[C@@H]1CCC(O)=N1)C(O)=N[C@@H](CCCNC(=N)N)C(=O)N1CCC[C@H]1C(O)=NNC(=N)O,[740]
1.0,0.0,CC(C)CC(N=C(O)[C@@H](Cc1c[nH]c2ccccc12)N=C(O)[C@H](Cc1ccc(O)cc1)N=C(O)[C@H](CO)N=C(O)[C@H](Cc1c[nH]c2ccccc12)N=C(O)[C@H](Cc1cnc[nH]1)N=C(O)[C@@H]1CCC(O)=N1)C(O)=N[C@@H](CCCNC(=N)N)C(=O)N1CCC[C@H]1C(O)=NCC(=N)O,[738]
1.0,0.0,CC(C)CC(N=C(O)[C@H](C)N=C(O)CN=C(O)[C@@H](N=CO)C(C)C)C(O)=N[C@@H](C)C(O)=N[C@@H](C(O)=N[C@H](C(O)=N[C@H](C(O)=N[C@@H](Cc1c[nH]c2ccccc12)C(O)=N[C@H](CC(C)C)C(O)=N[C@@H](Cc1c[nH]c2ccccc12)C(O)=N[C@H](CC(C)C)C(O)=N[C@@H](Cc1c[nH]c2ccccc12)C(O)=N[C@H](CC(C)C)C(O)=N[C@@H](Cc1c[nH]c2ccccc12)C(O)=NCCO)C(C)C)C(C)C)C(C)C,[395]
1.0,0.0,CC(C)CC1C(=O)N2CCC[C@H]2[C@]2(O)O[C@](N=C(O)C3=CC4c5cccc6[nH]c(Br)c(c56)C[C@H]4N(C)C3)(C(C)C)C(=O)N12,[742]
1.0,0.0,CC(C)CN(C[C@@H](O)[C@H](Cc1ccccc1)N=C(O)O[C@H]1CCOC1)S(=O)(=O)c1ccc(N)cc1,[749]
1.0,0.0,CC(C)CN(C[C@@H](O)[C@H](Cc1ccccc1)N=C(O)O[C@H]1CO[C@H]2OCC[C@H]21)S(=O)(=O)c1ccc(N)cc1,[751]
1.0,0.0,CC(C)CN(C[C@@H](O[PH](=O)(=O)O)[C@H](Cc1ccccc1)N=C(O)O[C@H]1CCOC1)S(=O)(=O)c1ccc(N)cc1,[750]
0.0,1.0,CC(C)CNCc1ccc(-c2ccccc2S(=O)(=O)N2CCCC2)cc1,[753]
1.0,0.0,CC(C)COCC(CN(Cc1ccccc1)c1ccccc1)N1CCCC1,[755]
1.0,0.0,CC(C)C[C@H](CN)CC(=O)O,[741]
0.0,0.0,CC(C)C[C@H](N=C(O)C(Cc1ccccc1)N=C(O)c1cnccn1)B(O)O,"[12, 13]"
0.0,1.0,CC(C)C[C@H](N=C(O)CN=C(O)c1cc(Cl)ccc1Cl)B(O)O,[14]
1.0,0.0,CC(C)Cc1ccc(C(C)C(=O)O)cc1,[748]
1.0,0.0,CC(C)Cn1cnc2c(=N)[nH]c3ccccc3c21,[752]
1.0,0.0,CC(C)N(CCC(C(=N)O)(c1ccccc1)c1ccccn1)C(C)C,[708]
1.0,0.0,CC(C)N1CCN(c2ccc(OC[C@H]3CO[C@](Cn4cncn4)(c4ccc(Cl)cc4Cl)O3)cc2)CC1,[709]
1.0,0.0,CC(C)NC(=N)NC(=N)Nc1ccc(Cl)cc1,[698]
1.0,0.0,CC(C)NC(C)Cc1ccc([123I])cc1,[710]
1.0,0.0,CC(C)NCC(O)COc1ccc(CC(=N)O)cc1,[715]
1.0,0.0,CC(C)NCC(O)COc1ccc(CCOCC2CC2)cc1,[718]
1.0,0.0,CC(C)NCC(O)COc1ccc(COCCOC(C)C)cc1,[719]
1.0,0.0,CC(C)NCC(O)COc1cccc2[nH]ccc12,[720]
1.0,0.0,CC(C)NCC(O)COc1cccc2ccccc12,"[721, 759]"
1.0,0.0,CC(C)NCC(O)c1cc(O)cc(O)c1,[712]
1.0,0.0,CC(C)NCC(O)c1ccc(NS(C)(=O)=O)cc1,[714]
1.0,0.0,CC(C)NCC(O)c1ccc(O)c(O)c1,[713]
1.0,0.0,CC(C)NCC1CCc2cc(CO)c([N+](=O)[O-])cc2N1,[723]
1.0,0.0,CC(C)NCCCC1(C(=N)O)c2ccccc2-c2ccccc21,[724]
1.0,0.0,CC(C)NC[C@H](O)COc1ccc(CCOCC2CC2)cc1,[711]
1.0,0.0,CC(C)Nc1cccnc1N1CCN(C(=O)c2cc3cc(NS(C)(=O)=O)ccc3[nH]2)CC1,[758]
1.0,0.0,CC(C)O,[760]
1.0,0.0,CC(C)OC(=O)C(C)(C)Oc1ccc(C(=O)c2ccc(Cl)cc2)cc1,[761]
1.0,0.0,CC(C)OC(=O)CCC/C=C\C[C@@H]1[C@@H](/C=C/[C@@H](O)COc2cccc(C(F)(F)F)c2)[C@H](O)C[C@@H]1O,[762]
1.0,0.0,CC(C)OC(=O)CCC/C=C\C[C@@H]1[C@@H](CC[C@@H](O)CCc2ccccc2)[C@H](O)C[C@@H]1O,[763]
1.0,0.0,CC(C)OC(=O)OCOP(=O)(CO[C@H](C)Cn1cnc2c(N)ncnc21)OCOC(=O)OC(C)C,[515]
1.0,0.0,CC(C)OP(=O)(F)OC(C)C,[765]
0.0,1.0,CC(C)[C@@H](CN1CC[C@@](C)(c2cccc(O)c2)[C@@H](C)C1)N=C(O)C1Cc2ccc(O)cc2CN1,[542]
1.0,0.0,CC(C)[C@@H]1CC[C@@H](C)C[C@H]1O,[430]
0.0,1.0,CC(C)[C@@]1(C(O)=N[C@H]2CC(=O)O[C@]2(O)CF)CC(c2nccc3ccccc23)=NO1,[704]
1.0,0.0,CC(C)[N+](C)(CCC(C(=N)O)(c1ccccc1)c1ccccc1)C(C)C,[705]
1.0,0.0,CC(C)[N+](C)(CCOC(=O)C1c2ccccc2Oc2ccccc21)C(C)C,[706]
1.0,0.0,CC(C)[N+]1(C)[C@@H]2CC[C@@H]1CC(OC(=O)C(CO)c1ccccc1)C2,[707]
1.0,0.0,CC(C)c1c(C(O)=Nc2ccccc2)c(-c2ccccc2)c(-c2ccc(F)cc2)n1CC[C@@H](O)C[C@@H](O)CC(=O)O,[730]
1.0,0.0,CC(C)c1ccc2oc3nc(N)c(C(=O)O)cc3c(=O)c2c1,[732]
1.0,0.0,CC(C)c1cccc(C(C)C)c1N=C(O)CN(CC(=O)O)CC(=O)O,[733]
1.0,0.0,CC(C)c1cccc(C(C)C)c1O,[734]
1.0,0.0,CC(C)c1cccc(C(C)C)c1OCO[PH](=O)(=O)O,[735]
1.0,0.0,CC(C)c1nc(CN(C)C(O)=NC(C(O)=N[C@@H](Cc2ccccc2)C[C@H](O)[C@H](Cc2ccccc2)N=C(O)OCc2cncs2)C(C)C)cs1,[736]
1.0,0.0,CC(C)n1c(/C=C/[C@H](O)C[C@H](O)CC(=O)O)c(-c2ccc(F)cc2)c2ccccc21,[756]
1.0,0.0,CC(C=C/C=C(C)/C=C/C1=C(C)CCCC1(C)C)=CC(=O)O,"[903, 906]"
1.0,0.0,CC(C=C/C=C(C)\C=C\C1=C(C)CCCC1(C)C)=CC(=O)O,[907]
1.0,0.0,CC(C=Cc1c(C)c(O)c2ccccc2c1O)=CCC[C@H](C)CCC[C@H](C)CCCC(C)C,[916]
1.0,0.0,CC(CCc1ccc(O)cc1)NCCc1ccc(O)c(O)c1,[784]
1.0,0.0,CC(CCc1ccccc1)NCC(O)c1ccc(O)c(C(=N)O)c1,[785]
1.0,0.0,CC(CN(C)C)CN1c2ccccc2CCc2ccccc21,[788]
1.0,0.0,CC(CN(C)C)CN1c2ccccc2Sc2ccccc21,[790]
1.0,0.0,CC(CN1c2ccccc2Sc2ccccc21)N(C)C,[789]
1.0,0.0,CC(CNC1CCCCC1)OC(=O)c1ccccc1,[777]
1.0,0.0,CC(COc1ccccc1)N(CCCl)Cc1ccccc1,[792]
1.0,0.0,CC(C[N+](C)(C)C)OC(=N)O,[776]
1.0,0.0,CC(Cc1ccc2c(c1)OCO2)NCC(O)c1ccc(O)c(O)c1,[780]
1.0,0.0,CC(Cc1ccccc1)N(C)Cc1ccccc1,[781]
1.0,0.0,CC(N)C(O)=NC(C)C(O)=NC1[C@H]2CN(c3nc4c(cc3F)c(=O)c(C(=O)O)cn4-c3ccc(F)cc3F)C[C@@H]12,[394]
1.0,0.0,CC(N)C12CC3CC(CC(C3)C1)C2,[766]
1.0,0.0,CC(N)Cc1ccc(O)cc1,[778]
1.0,0.0,CC(N)Cc1ccccc1,[783]
1.0,0.0,CC(NC(=NC#N)N=c1cc[nH]cc1)C(C)(C)C,[656]
1.0,0.0,CC(NC(C)(C)C)C(=O)c1cccc(Cl)c1,[659]
1.0,0.0,CC(NC(CCc1ccccc1)C(=O)O)C(=O)N1CCCC1C(=O)O,[393]
1.0,0.0,CC(O)(CS(=O)(=O)c1ccc(F)cc1)C(O)=Nc1ccc(C#N)c(C(F)(F)F)c1,[793]
1.0,0.0,CC(O)([PH](=O)(=O)O)[PH](=O)(=O)O,[794]
1.0,0.0,CC(O)=NC(CS)C(=O)O,[815]
1.0,0.0,CC(O)=NC(Cc1ccc2ccccc2c1)C(O)=N[C@H](Cc1ccc(Cl)cc1)C(O)=N[C@H](Cc1cccnc1)C(O)=N[C@@H](CO)C(=O)N(C)[C@@H](Cc1ccc(O)cc1)C(O)=N[C@H](CC(=N)O)C(O)=N[C@@H](CC(C)C)C(O)=N[C@@H](CCCCNC(C)C)C(=O)N1CCC[C@H]1C(O)=N[C@H](C)C(=N)O,[499]
1.0,0.0,CC(O)=NC(Cc1ccc2ccccc2c1)C(O)=N[C@H](Cc1ccc(Cl)cc1)C(O)=N[C@H](Cc1cccnc1)C(O)=N[C@@H](CO)C(O)=N[C@@H](Cc1ccc(O)cc1)C(O)=N[C@H](CCCNC(=N)O)C(O)=N[C@@H](CC(C)C)C(O)=N[C@@H](CCCNC(=N)N)C(=O)N1CCC[C@H]1C(O)=N[C@H](C)C(=N)O,[501]
1.0,0.0,CC(O)=NCCCS(=O)(=O)O,[829]
1.0,0.0,CC(O)=NC[C@H]1CN(c2ccc(N3CCOCC3)c(F)c2)C(=O)O1,[827]
1.0,0.0,CC(O)=NCc1c(I)c(N=C(C)O)c(I)c(C(=O)O)c1I,[828]
1.0,0.0,CC(O)=NO,[830]
1.0,0.0,CC(O)=NS(=O)(=O)c1ccc(N)cc1,[799]
1.0,0.0,CC(O)=N[C@@H]1[C@@H](O[C@@H]2OC(C(=O)O)[C@@H](O)[C@H](O)[C@H]2O)[C@@H](O)[C@@H](OS(=O)(=O)O)O[C@H]1O,[816]
1.0,0.0,CC(O)=N[C@H](Cc1ccc2ccccc2c1)C(O)=N[C@H](Cc1ccc(Cl)cc1)C(O)=N[C@H](Cc1cccnc1)C(O)=N[C@@H](CO)C(O)=N[C@@H](Cc1ccc(NC(O)c2cc(O)nc(O)n2)cc1)C(O)=N[C@H](Cc1ccc(NC(=N)O)cc1)C(O)=N[C@@H](CC(C)C)C(O)=N[C@@H](CCCCNC(C)C)C(=O)N1CCC[C@H]1C(O)=N[C@H](C)C(=N)O,[500]
1.0,0.0,CC(O)=Nc1c(I)c(N=C(C)O)c(I)c(C(=O)O)c1I,[823]
1.0,0.0,CC(O)=Nc1c(I)cc(I)c(C(=O)O)c1I,[824]
1.0,0.0,CC(O)=Nc1c([C@H](O)[C@H](O)CO)oc(C(O)O)cc1=NC(N)N,[817]
1.0,0.0,CC(O)=Nc1ccc(O)cc1,[825]
1.0,0.0,CC(O)=Nc1nnc(S(N)(=O)=O)s1,[826]
1.0,0.0,CC(O)C(O)C1CNc2[nH]c(=N)nc(O)c2N1,[387]
1.0,0.0,CC(O)CN1CCN(CC(=O)O)CCN(CC(=O)O)CCN(CC(=O)O)CC1,[791]
1.0,0.0,CC(OC(=O)C(C)C)OC(O)=NCC1(CC(=O)O)CCCCC1,[727]
1.0,0.0,CC(S)C(O)=NCC(=O)O,[660]
1.0,0.0,CC(c1cc2ccccc2s1)N(O)C(=N)O,[768]
1.0,0.0,CC(c1ncncc1F)[C@](O)(Cn1cncn1)c1ccc(F)cc1F,[397]
1.0,0.0,CC/C(=C(\c1ccccc1)c1ccc(OCCN(C)C)cc1)c1ccccc1,[862]
1.0,0.0,CC1(C)C(C(=O)O)N2C(=O)C[C@H]2S1(=O)=O,[863]
1.0,0.0,CC1(C)C(C=C(Cl)Cl)C1C(=O)OCc1cccc(Oc2ccccc2)c1,[878]
1.0,0.0,CC1(C)C2CCC1(CS(=O)(=O)O)C(=O)/C2=C\c1ccc(/C=C2\C(=O)C3(CS(=O)(=O)O)CCC2C3(C)C)cc1,[881]
1.0,0.0,CC1(C)CC1C(=O)N=C(CCCCCSCC(N)C(=O)O)C(=O)O,[883]
1.0,0.0,CC1(C)N=C(O)N(c2ccc([N+](=O)[O-])c(C(F)(F)F)c2)C1=O,[879]
1.0,0.0,CC1(C)O[C@@H]2C[C@H]3[C@@H]4CC(F)=C5CC(=O)C=C[C@]5(C)[C@@]4(F)[C@@H](O)C[C@]3(C)[C@]2(C(=O)CO)O1,[446]
1.0,0.0,CC1(C)O[C@@H]2C[C@H]3[C@@H]4CC(F)=C5CC(=O)C=C[C@]5(C)[C@H]4[C@@H](O)C[C@]3(C)[C@]2(C(=O)CO)O1,[450]
1.0,0.0,CC1(C)O[C@@H]2C[C@H]3[C@@H]4CC(F)=C5CC(=O)CC[C@]5(C)[C@H]4[C@@H](O)C[C@]3(C)[C@]2(C(=O)CO)O1,[479]
1.0,0.0,CC1(C)O[C@@H]2C[C@H]3[C@@H]4CC=C5CC(=O)C=C[C@]5(C)[C@@]4(F)[C@@H](O)C[C@]3(C)[C@]2(C(=O)CO)O1,[447]
1.0,0.0,CC1(C)O[C@@H]2C[C@H]3[C@@H]4CC=C5CC(=O)C=C[C@]5(C)[C@H]4[C@@H](O)C[C@]3(C)[C@]2(C(=O)CO)O1,[451]
1.0,0.0,CC1(C)O[C@@H]2C[C@H]3[C@@H]4CC=C5CC(=O)CC[C@]5(C)[C@@]4(F)[C@@H](O)C[C@]3(C)[C@]2(C(=O)CCl)O1,[481]
1.0,0.0,CC1(C)O[C@@H]2[C@@H](CO[C@@]3(COS(N)(=O)=O)OC(C)(C)O[C@@H]23)O1,[886]
1.0,0.0,CC1(C)SC(C(N=C(O)Cc2ccccc2)C(O)=NCCCCCC(=O)O)NC1C(=O)O,[876]
1.0,0.0,CC1(C)SC2C(N=C(O)C(C(=O)O)c3ccccc3)C(=O)N2C1C(=O)O,[870]
1.0,0.0,CC1(C)SC2C(N=C(O)C(C(=O)O)c3ccsc3)C(=O)N2C1C(=O)O,[869]
1.0,0.0,CC1(C)SC2C(N=C(O)C(N)c3ccc(O)cc3)C(=O)N2C1C(=O)O,[866]
1.0,0.0,CC1(C)SC2C(N=C(O)C(N)c3ccccc3)C(=O)N2C1C(=O)O,[867]
1.0,0.0,CC1(C)SC2C(N=C(O)C(N=C(O)N3CCN=C3O)c3ccccc3)C(=O)N2C1C(=O)O,[868]
1.0,0.0,CC1(C)SC2C(N=C(O)C3(N)CCCCC3)C(=O)N2C1C(=O)O,[871]
1.0,0.0,CC1(C)SC2C(N=C(O)COc3ccccc3)C(=O)N2C1C(=O)O,[874]
1.0,0.0,CC1(C)SC2C(N=C(O)Cc3ccccc3)C(=O)N2C1C(=O)O,[873]
1.0,0.0,CC1(C)S[C@@H]2C(/N=C/N3CCCCCC3)C(=O)N2C1C(=O)O,[864]
1.0,0.0,CC1(C)S[C@@H]2C(N3C(=O)C(c4ccccc4)NC3(C)C)C(=O)N2C1C(=O)O,[865]
0.0,1.0,CC1(O)CC(c2nc(-c3ccc4ccc(-c5ccccc5)nc4c3)c3c(=N)[nH]ccn23)C1,[884]
1.0,0.0,CC1/C=C/C=C/CC/C=C/C=C/C=C/C=C/C(OC2O[C@H](C)[C@@H](O)[C@H](N)[C@@H]2O)CC(O)C(C(=O)O)C(O)CC(=O)CC(O)C(O)CCC(O)CC(O)CC(O)CC(=O)OC(C)C(C)C1O,[409]
1.0,0.0,CC12CC3CC(C)(C1)CC(N)(C3)C2,[887]
1.0,0.0,CC1=C(/C=C/C(C)=C/C=C/C(C)=C/C=C/C=C(C)/C=C/C=C(C)/C=C/C2=C(C)CCCC2(C)C)C(C)(C)CCC1,[904]
1.0,0.0,CC1=C(/C=C/C(C)=C/C=C/C(C)=C/CO)C(C)(C)CCC1,[905]
1.0,0.0,CC1=C(C(=O)O)N2C(=O)C(=NC(=O)C(N)C3C=CCCC3)C2SC1,[942]
1.0,0.0,CC1=C(C(C)O)c2cc3nc(cc4[nH]c(cc5[nH]c(cc1n2)c(C)c5CCC(=O)O)c(CCC(=O)O)c4C)C(C(C)OC(C)C1=C(C)c2cc4[nH]c(cc5[nH]c(cc6nc(cc1n2)C(C)=C6C(C)O)c(C)c5CCC(=O)O)c(CCC(=O)O)c4C)=C3C,[958]
1.0,0.0,CC1=C(CC(=O)O)c2cc(F)ccc2C1=Cc1ccc(S(C)=O)cc1,[1098]
1.0,0.0,CC1=C(S[C@@H]2CNC(C(=O)N(C)C)C2)C(C(=O)O)N2C(=O)C([C@@H](C)O)[C@@H]12,[405]
1.0,0.0,CC1=C(S[C@@H]2CNC(C(O)=Nc3cccc(C(=O)O)c3)C2)C(C(=O)O)N2C(=O)C([C@@H](C)O)[C@@H]12,[406]
1.0,0.0,CC1=C(S[C@@H]2CN[C@H](CNS(N)(=O)=O)C2)C(C(=O)O)N2C(=O)C([C@@H](C)O)[C@@H]12,[407]
1.0,0.0,CC1=C2CC(=O)C=C[C@]2(C)[C@@H]2[C@@H](C1)[C@@H]1CC[C@](O)(C(=O)CO)[C@@]1(C)C[C@@H]2O,[533]
1.0,0.0,CC1=C2CC(=O)C=C[C@]2(C)[C@@H]2[C@@H](C1)[C@@H]1CC[C@](O)(C(=O)COC(=O)CCC(=O)O)[C@@]1(C)C[C@@H]2O,[534]
1.0,0.0,CC1=C2N=C(C=C3N=C(C(C)C4=NC([C@H](CC(=N)O)[C@@]4(C)CCC(O)=NC[C@H](C)O[PH]([O-])([O-])O[C@H]4[C@@H](O)[C@@H]([N+]5=c6cc(C)c(C)cc6=[N+]=C5)O[C@@H]4CO)[C@]4(C)N=C1[C@@H](CCC(=N)O)[C@]4(C)CC(=N)O)[C@@H](CCC(=N)O)C3(C)C)[C@@H](CCC(=N)O)[C@]2(C)CC(=N)O,[981]
1.0,0.0,CC1=CC(=O)c2ccccc2C1=O,[976]
1.0,0.0,CC1=Nc2ccc(Cl)cc2S(=O)(=O)N1,[1042]
1.0,0.0,CC1C(=NC(=O)C(NOC(C)(C)C(=O)O)c2csc(=N)[nH]2)C(=O)N1S(=O)(=O)O,[519]
1.0,0.0,CC1C=CC=CC=CC=CC=CC=CC=CC(OC2O[C@H](C)[C@@H](O)[C@H](N)[C@@H]2O)CC2OC(O)(CC(O)CC(O)CC(O)CC(=O)CCCC(=O)CC(=O)OC1C(C)CC(C)C(O)CC(=O)c1ccc(N)cc1)CC(O)C2C(=O)O,[408]
1.0,0.0,CC1COc2c(N3CCN(C)CC3)c(F)cc3c(=O)c(C(=O)O)cn1c23,[1033]
1.0,0.0,CC1Cc2ccccc2N1N=C(O)c1ccc(Cl)c(S(N)(=O)=O)c1,[986]
1.0,0.0,CC1NCCOC1c1ccccc1,[949]
1.0,0.0,CC1c2cccc(O)c2C(=O)C2C(=O)[C@]3(O)C(=O)C(C(=N)O)C(=O)C(N(C)C)[C@@H]3[C@@H](O)[C@@H]21,[528]
1.0,0.0,CC=C(C(=CC)c1ccc(O)cc1)c1ccc(O)cc1,[75]
1.0,0.0,CC=C(c1ccc(O)cc1)C(CC)c1ccc(O)cc1,[860]
1.0,0.0,CC=CC(=O)N(CC)c1ccccc1C,[1282]
1.0,0.0,CC=CC1=C(C(=O)O)N2C(=O)C(N=C(O)C(N)c3ccc(O)cc3)C2SC1,[76]
1.0,0.0,CCC(=O)C(CC(C)N(C)C)(c1ccccc1)c1ccccc1,[1118]
1.0,0.0,CCC(=O)N(c1ccccc1)C1(C(=O)OC)CCN(CCC(=O)OC)CC1,[1120]
1.0,0.0,CCC(=O)N(c1ccccc1)C1(COC)CCN(CCc2cccs2)CC1,[1121]
1.0,0.0,CCC(=O)N(c1ccccc1)C1(COC)CCN(CCn2nnn(CC)c2=O)CC1,[1122]
1.0,0.0,CCC(=O)N(c1ccccc1)C1CCN(CCc2ccccc2)CC1,[1123]
1.0,0.0,CCC(=O)OC(OP(=O)(CCCCc1ccccc1)CC(=O)N1C[C@H](C2CCCCC2)CC1C(=O)O)C(C)C,[1133]
1.0,0.0,CCC(=O)OCC(=O)[C@@]1(OC(=O)CC)[C@@H](C)C[C@H]2[C@@H]3CC=C4CC(=O)C=C[C@]4(C)[C@@]3(Cl)[C@@H](O)C[C@@]21C,[1135]
1.0,0.0,CCC(=O)OCC(=O)[C@@]1(OC(=O)CC)[C@H](C)C[C@H]2[C@H]3[C@H]([C@@H](O)C[C@@]21C)[C@@]1(C)C=CC(=O)C=C1C[C@H]3Cl,[1134]
1.0,0.0,CCC(=O)OCCN=C(O)C[n+]1ccccc1,[1137]
1.0,0.0,CCC(=O)O[C@@](Cc1ccccc1)(c1ccccc1)[C@@H](C)CN(C)C,[1125]
1.0,0.0,CCC(=O)O[C@H]1CC[C@H]2[C@@H]3CC=C4CC(=O)CC[C@]4(C)[C@H]3CC[C@]12C,[1132]
1.0,0.0,CCC(=O)O[C@H]1CC[C@H]2[C@@H]3CC[C@H]4CC(=O)C(C)C[C@]4(C)[C@H]3CC[C@]12C,[1131]
1.0,0.0,CCC(=O)O[C@H]1[C@H](O[C@@H]2[C@@H](C)[C@H](O[C@H]3C[C@@](C)(OC)[C@@H](O)[C@H](C)O3)C(C)C(=O)O[C@H](CC)[C@@](C)(O)[C@H](O)C(C)C(=O)C(C)C[C@@]2(C)O)O[C@H](C)C[C@@H]1N(C)C,[1059]
1.0,0.0,CCC(=O)O[C@](Cc1ccccc1)(c1ccccc1)[C@H](C)CN(C)C,[1129]
1.0,0.0,CCC(=O)O[C@]1(C(=O)CCl)[C@@H](C)CC2C3CC(F)=C4CC(=O)C=CC4(C)[C@@]3(F)C(O)CC21C,[1128]
1.0,0.0,CCC(=O)O[C@]1(C(=O)CCl)[C@@H](C)C[C@H]2[C@@H]3CC=C4CC(=O)C=C[C@]4(C)[C@@]3(F)[C@@H](O)C[C@@]21C,[1127]
1.0,0.0,CCC(=O)O[C@]1(C(=O)SCF)[C@H](C)C[C@H]2[C@@H]3CC(F)=C4CC(=O)C=C[C@]4(C)[C@@]3(F)[C@@H](O)C[C@@]21C,[1126]
1.0,0.0,CCC(=O)[C@@]1(C)[C@H](C)CC2C3CC=C4CC(=O)C=C[C@]4(C)C3[C@@H](O)C[C@@]21C,[1117]
1.0,0.0,CCC(=O)c1ccc2c(c1)N(CC(C)N(C)C)c1ccccc1S2,[1119]
1.0,0.0,CCC(C(=N)O)N1CCCC1=O,[1049]
1.0,0.0,CCC(C)(C)C(=O)O[C@H]1C[C@@H](C)C=C2C=C[C@H](C)[C@H](CC[C@@H]3C[C@@H](O)CC(=O)O3)[C@H]21,[1102]
1.0,0.0,CCC(C)(C)C1C(=O)N2CCCC2C2(O)OC(N=C(O)C3CC4c5cccc6[nH]cc(c56)CC4N(C)C3)(C(C)C)C(=O)N12,[1103]
1.0,0.0,CCC(C)C(=N)C1NC(C(O)=NC(CC(C)C)C(O)=NC(CCC(=O)O)C(O)=NC(C(O)=NC2CCCCN=C(O)C(CC(=N)O)N=C(O)C(CC(=O)O)N=C(O)C(Cc3cnc[nH]3)N=C(O)C(Cc3ccccc3)N=C(O)C(C(C)CC)N=C(O)C(CCCN)N=C2O)C(C)CC)CS1,[1108]
1.0,1.0,CCC(C)C(=O)O[C@H]1C[C@@H](C)C=C2C=C[C@H](C)[C@H](CC[C@@H]3C[C@@H](O)CC(=O)O3)[C@H]21,[1068]
1.0,0.0,CCC(C)C(=O)O[C@H]1C[C@H](O)C=C2C=C[C@H](C)[C@H](CC[C@@H](O)C[C@@H](O)CC(=O)O)[C@H]21,[1067]
1.0,0.0,CCC(C)C(=O)O[C@H]1[C@H](O)[C@H]2[C@@H](CN3C[C@@H](C)CC[C@H]3[C@@]2(C)O)[C@@H]2C[C@]34O[C@]5(O)[C@@H](OC(=O)[C@@](C)(O)CC)CC[C@@]3(C)[C@@H]5[C@@H](OC(C)=O)[C@@H](OC(C)=O)[C@H]4[C@@]21O,[1050]
1.0,0.0,CCC(C)C(C)(COC(=N)O)COC(=N)O,[1104]
1.0,0.0,CCC(C)C1(CC)C(O)=NC(=O)N=C1O,[1106]
1.0,0.0,CCC(C)C1N=C(O)C(Cc2ccc(O)cc2)N=C(O)C(N)CSSCC(C(=O)N2CCCC2C(O)=NC(CC(C)C)C(O)=NCC(=N)O)N=C(O)C(CC(=N)O)N=C(O)C(C(C)O)N=C1O,[1109]
1.0,0.0,CCC(C)CCCC(O)=NC(CCN)C(O)=N[C@H](C(O)=N[C@@H](CCN)C(O)=N[C@H]1CCN=C(O)[C@H]([C@@H](C)O)N=C(O)[C@H](CCN)N=C(O)[C@H](CCN)N=C(O)[C@H](CC(C)C)N=C(O)[C@@H](CC(C)C)N=C(O)[C@H](CCN)N=C1O)[C@@H](C)O,[1110]
1.0,0.0,CCC(C)CCCCC(O)=NC(CCN)C(O)=NC(C(O)=NC(CCN)C(O)=NC1CCN=C(O)C(C(C)O)N=C(O)C(CCN)N=C(O)C(CCN)N=C(O)C(CC(C)C)N=C(O)C(Cc2ccccc2)N=C(O)C(CCN)N=C1O)C(C)O,[1111]
1.0,0.0,CCC(C)n1ncn(-c2ccc(N3CCN(c4ccc(OC[C@H]5CO[C@](Cn6cncn6)(c6ccc(Cl)cc6Cl)O5)cc4)CC3)cc2)c1=O,[1112]
1.0,0.0,CCC(Cc1c(I)cc(I)c(N)c1I)C(=O)O,[1115]
1.0,0.0,CCC(NC(C)C)C(O)c1ccc(O)c(O)c1,[1101]
1.0,0.0,CCC(O)=NCC[C@@H]1CCc2ccc3c(c21)CCO3,[1124]
1.0,0.0,CCC(c1ccccc1)c1c(O)c2ccccc2oc1=O,[1113]
1.0,0.0,CCC1(C)CC(O)=NC1=O,[1144]
1.0,0.0,CCC1(C)OC(=O)N(C)C1=O,[1140]
1.0,0.0,CCC1(CC)C(=O)C(C)CN=C1O,[1138]
1.0,0.0,CCC1(CC)C(=O)N(C)C(=O)N=C1O,[1142]
1.0,0.0,CCC1(c2ccc(N)cc2)CCC(O)=NC1=O,[1145]
1.0,0.0,CCC1(c2ccccc2)C(O)=NCN=C1O,[1143]
1.0,0.0,CCC1(c2ccccc2)CCC(O)=NC1=O,[1146]
1.0,0.0,CCC1(c2ccccc2)N=C(O)N(C)C1=O,[1139]
1.0,0.0,CCC1(c2ccccc2)SCC(O)=NC1=O,[1141]
1.0,0.0,CCC1=CC(C)C[C@H](C)C[C@H](OC)[C@H]2O[C@@](O)(C(=O)C(=O)N3CCCCC3C(=O)O[C@H](/C(C)=C/[C@@H]3CC[C@H](Cl)[C@H](OC)C3)[C@H](C)[C@@H](O)CC1=O)[C@H](C)C[C@@H]2OC,[1055]
1.0,0.0,CCC1=CC2CN(C1)Cc1c([nH]c3ccccc13)[C@@](C(=O)OC)(c1cc3c(cc1OC)N(C)[C@H]1[C@@](O)(C(=O)OC)[C@H](OC(C)=O)[C@]4(CC)C=CCN5CC[C@]31[C@@H]54)C2,[1158]
0.0,1.0,CCC1=C[C@@H]2CN(C1)Cc1c([nH]c3ccccc13)[C@@](C(=O)OC)(c1cc3c(cc1OC)N(C)[C@H]1[C@@](O)(C(=O)OC)[C@H](OC(C)=O)[C@]4(CC)C=CCN5CC[C@]31[C@@H]54)C2,[1155]
1.0,0.0,CCC1=NC(=O)C2CSSCC/C=C/[C@H](CC(O)=NC(C(C)C)C(O)=N2)OC(=O)[C@H](C(C)C)N=C1O,[77]
1.0,0.0,CCC1C(=O)OC[C@@H]1Cc1cncn1C,[1069]
1.0,0.0,CCC1N=C(O)C(N=C(O)c2ncccc2O)[C@@H](C)OC(=O)[C@H](c2ccccc2)N=C(O)C2CC(=O)C(CS[C@@H]3CN4CCC3CC4)CN2C(=O)[C@H](Cc2ccc(N(C)C)cc2)N(C)C(=O)[C@@H]2CCCN2C1=O,[1060]
1.0,0.0,CCC1N=C(O)c2cc(S(N)(=O)=O)c(Cl)cc2N1,[1162]
1.0,0.0,CCCC(=O)OCOC(=O)C1=C(C)N=C(C)C(C(=O)OC)C1c1cccc(Cl)c1Cl,[1193]
1.0,0.0,CCCC(=O)O[C@]1(C(=O)CO)CC[C@H]2[C@@H]3CC=C4CC(=O)CC[C@]4(C)[C@H]3[C@@H](O)C[C@@]21C,[1191]
1.0,0.0,CCCC(=O)O[C@]1(C(=O)COC(=O)CC)CC[C@H]2[C@@H]3CC=C4CC(=O)CC[C@]4(C)[C@H]3[C@@H](O)C[C@@]21C,[1192]
1.0,0.0,CCCC(=O)O[C@]1(C(=O)COC(C)=O)CC[C@H]2[C@@H]3CC(F)=C4CC(=O)C=C[C@]4(C)[C@@]3(F)[C@@H](O)C[C@@]21C,[1190]
1.0,0.0,CCCC(C)(COC(=N)O)COC(=N)O,[1180]
1.0,0.0,CCCC(C)(COC(=N)O)COC(O)=NC(C)C,[1181]
1.0,0.0,CCCC(C)C1(CC)C(O)=NC(=O)N=C1O,[1183]
1.0,0.0,CCCC(C)C1(CC)C(O)=NC(=S)N=C1O,[1185]
1.0,0.0,CCCC(CCC)C(=O)O,[1186]
1.0,0.0,CCCC(CCC)C(=O)O[C@H]1C[C@H]2CC[C@@H](C1)[N+]2(C)C,[1187]
1.0,0.0,CCCC(N=C(O)C1[C@H]2CCC[C@H]2CN1C(=O)C(N=C(O)[C@@H](N=C(O)c1cnccn1)C1CCCCC1)C(C)(C)C)C(=O)C(=O)NC1CC1,[1164]
1.0,0.0,CCCC(NC(C)C(=O)N1C(C(=O)O)C[C@@H]2CCCC[C@@H]21)C(=O)OCC,[1165]
1.0,0.0,CCCC(O)=Nc1c(I)cc(I)c(CC(CC)C(=O)O)c1I,[1188]
1.0,0.0,CCCC(O)=Nc1ccc(OCC(O)CNC(C)C)c(C(C)=O)c1,[1189]
1.0,0.0,CCCC1O[C@@H]2C[C@H]3[C@@H]4CC=C5CC(=O)C=C[C@]5(C)[C@H]4[C@@H](O)C[C@]3(C)[C@]2(C(=O)CO)O1,[1200]
1.0,0.0,CCCC=c1ncc(=CC(Cc2cccs2)C(=O)O)n1Cc1ccc(C(=O)O)cc1,[1215]
1.0,0.0,CCCCC(=O)N(Cc1ccc(-c2ccccc2-c2nn[nH]n2)cc1)C(C(=O)O)C(C)C,[1210]
1.0,0.0,CCCCC(=O)OCC(=O)[C@@]1(O)C=C(OC2CC(N=C(O)C(F)(F)F)C(O)C(C)O2)c2c(c(O)c3c(O)c4cccc(OC)c4c(O)c3c2O)C1,[1214]
1.0,0.0,CCCCC(=O)O[C@H]1CC[C@H]2[C@@H]3CCc4cc(O)ccc4[C@H]3CC[C@]12C,[1213]
1.0,0.0,CCCCC(=O)O[C@]1(C(=O)CO)CC[C@H]2[C@@H]3CC=C4CC(=O)CC[C@]4(C)[C@H]3[C@@H](O)C[C@@]21C,[1212]
1.0,0.0,CCCCC(=O)O[C@]1(C(=O)CO)[C@@H](C)C[C@H]2[C@@H]3CC=C4CC(=O)C=C[C@]4(C)[C@@]3(F)[C@@H](O)C[C@@]21C,[1211]
1.0,0.0,CCCCC(C)(O)C/C=C/[C@@H]1C(CCCCCCC(=O)OC)C(=O)C[C@H]1O,[1207]
1.0,0.0,CCCCC(CC)COC(=O)/C=C/c1ccc(OC)cc1,[1208]
1.0,0.0,CCCCC(CC)COC(=O)C(C#N)=C(c1ccccc1)c1ccccc1,[1209]
1.0,0.0,CCCCC(F)(F)[C@@]1(O)CC[C@@H]2C(CCCCCCC(=O)O)C(=O)C[C@H]2O1,[1206]
1.0,0.0,CCCCCC(=O)O[C@]1(C(C)=O)CC[C@H]2[C@@H]3CC=C4CC(=O)CC[C@]4(C)[C@H]3CC[C@@]21C,[1225]
1.0,0.0,CCCCCCC(=O)OCCN1CCN(CCCN2c3ccccc3Sc3ccc(C(F)(F)F)cc32)CC1,[1229]
1.0,0.0,CCCCCCC(=O)O[C@H]1CC[C@H]2[C@@H]3CC=C4CC(=O)CC[C@]4(C)[C@H]3CC[C@]12C,[1228]
1.0,0.0,CCCCCCC(C)(C)c1cc(O)c2c(c1)OC(C)(C)[C@@H]1CCC(=O)C[C@@H]21,[1227]
1.0,0.0,CCCCCCCC(=O)CC[C@@H]1[C@@H](C/C=C\CCCC(=O)OC(C)C)[C@@H](O)C[C@H]1O,[1231]
1.0,0.0,CCCCCCCC(=O)OCC(O)CO,[1232]
1.0,0.0,CCCCCCCC/C=C\CCCCCCCC(=O)O,[1233]
1.0,0.0,CCCCCCCCCC(=O)OCCN1CCN(CCCN2c3ccccc3Sc3ccc(C(F)(F)F)cc32)CC1,[1238]
1.0,0.0,CCCCCCCCCC(=O)O[C@H]1CC[C@H]2[C@@H]3CC=C4CC(=O)CCC4[C@H]3CC[C@]12C,[1237]
1.0,0.0,CCCCCCCCCC(O)=NC(Cc1c[nH]c2ccccc12)C(O)=N[C@H](CC(=N)O)C(O)=N[C@@H](CC(=O)O)C(O)=N[C@@H]1C(O)=NCC(O)=N[C@@H](CCCN)C(O)=N[C@@H](CC(=O)O)C(O)=N[C@H](C)C(O)=N[C@@H](CC(=O)O)C(O)=NCC(O)=N[C@H](CO)C(O)=N[C@@H]([C@H](C)CC(=O)O)C(O)=N[C@@H](CC(=O)c2ccccc2N)C(=O)O[C@@H]1C,[1236]
1.0,0.0,CCCCCCCCCCCC(=O)OCCN=C(O)C[n+]1ccccc1,[1241]
1.0,0.0,CCCCCCCCCCCCCC(=O)OC[C@H](COP(=O)([O-])OCC[N+](C)(C)C)OC(=O)CCCCCCCCCCCCC,[1242]
1.0,0.0,CCCCCCCCCCCCCCCC(=O)OC/C=C(C)/C=C/C=C(C)/C=C/C1=C(C)CCCC1(C)C,[1245]
1.0,0.0,CCCCCCCCCCCCCCCC(=O)OC1CCCn2c1nc(C)c(CCN1CCC(c3noc4cc(F)ccc34)CC1)c2=O,[1244]
1.0,0.0,CCCCCCCCCCCCCCCC(=O)OCC(COP(=O)([O-])OCC[N+](C)(C)C)OC(=O)CCCCCCCCCCCCCCC,[1246]
1.0,0.0,CCCCCCCCCCCCCCCC(=O)O[C@@H]1[C@@H](O)[C@@H](O)[C@@H](C(N=C(O)C2C[C@@H](CCC)CN2C)C(C)Cl)O[C@@H]1SC,[1243]
1.0,0.0,CCCCCCCCCCCCCCCCCCCCCCO,[1248]
1.0,0.0,CCCCCCCCCCCCCCCCO,[1249]
1.0,0.0,CCCCCCCCCCCCCCCC[N+](C)(C)CCN(Cc1ccc(OC)cc1)c1ncccn1,[1247]
1.0,0.0,CCCCCCCCCCCCCCOS(=O)(=O)O,[1250]
1.0,0.0,CCCCCCCCCCCCOCCOCCOCCOCCOCCOCCOCCOCCOCCO,[1251]
1.0,0.0,CCCCCCCCCCC[C@@H](C[C@@H]1OC(=O)C1CCCCCC)OC(=O)C(CC(C)C)N=CO,[1240]
1.0,0.0,CCCCCCCCCCNCCN[C@@]1(C)C[C@H](O[C@H]2[C@H](Oc3c4cc5cc3Oc3ccc(cc3Cl)[C@@H](O)[C@@H](N=C(O)[C@@H](CC(C)C)NC)C(O)=N[C@@H](CC(=N)O)C(O)=N[C@H]5C(O)=Nc3c(O)[nH]c(c(O)[nH]c(=C(O)O)c5cc(O)c(CNC[PH](=O)(=O)O)c(O)c5c5cc3ccc5O)[C@H](O)c3ccc(c(Cl)c3)O4)O[C@H](CO)[C@@H](O)[C@@H]2O)O[C@@H](C)[C@H]1O,[1252]
1.0,0.0,CCCCCCCCCN1C[C@H](O)[C@@H](O)[C@H](O)[C@H]1CO,[1235]
1.0,0.0,CCCCCCCCCc1ccc(OCCOCCOCCOCCOCCOCCOCCOCCOCCO)cc1,[1239]
1.0,0.0,CCCCCCCCc1ccc(CCC(N)(CO)CO)cc1,[1234]
1.0,0.0,CCCCCCCN(CC)CCCC(O)c1ccc(NS(C)(=O)=O)cc1,[1230]
1.0,0.0,CCCCCCOC(=O)CCC(=O)CN,[1254]
1.0,0.0,CCCCCCOC(=O)N=C(N)c1ccc(NCc2nc3cc(C(=O)N(CCC(=O)OCC)c4ccccn4)ccc3n2C)cc1,[1253]
1.0,0.0,CCCCCN(C)CCC(O)([PH](=O)(=O)O)[PH](=O)(=O)O,[1224]
1.0,0.0,CCCCCNC(=N)NN=Cc1c[nH]c2ccc(OC)cc12,[1255]
1.0,0.0,CCCCCOC(O)=Nc1nc(=O)n([C@@H]2O[C@H](C)[C@@H](O)[C@H]2O)cc1F,"[1256, 1257]"
1.0,0.0,CCCCCOc1ccc(-c2cc(-c3ccc(C(=O)NC4C[C@@H](O)[C@@H](O)N=C(O)C5[C@@H](O)[C@@H](C)CN5C(=O)[C@H]([C@H](O)CC(=N)O)N=C(O)[C@H]([C@H](O)[C@@H](O)c5ccc(O)c(OS(=O)(=O)O)c5)N=C(O)[C@@H]5C[C@@H](O)CN5C(=O)[C@H]([C@@H](C)O)N=C4O)cc3)no2)cc1,[1258]
1.0,0.0,CCCCCOc1ccc(-c2ccc(-c3ccc(C(=O)NC4C[C@@H](O)[C@@H](O)N=C(O)C5[C@@H](O)[C@@H](C)CN5C(=O)[C@H]([C@@H](C)O)N=C(O)[C@H]([C@H](O)[C@@H](O)c5ccc(O)cc5)N=C(O)[C@@H]5C[C@@H](O)CN5C(=O)[C@H]([C@@H](C)O)N=C4O)cc3)cc2)cc1,[1259]
1.0,0.0,CCCCC[C@@H](O)CC[C@H]1[C@@H]2Cc3cccc(OCC(=O)O)c3C[C@@H]2C[C@@H]1O,[1223]
1.0,0.0,CCCCC[C@H](O)/C=C/[C@@H]1C(C/C=C\CCCC(=O)O)C(=O)C[C@H]1O,[1221]
1.0,0.0,CCCCC[C@H](O)/C=C/[C@@H]1C(CCCCCCC(=O)O)C(=O)C[C@H]1O,[1222]
1.0,0.0,CCCCC[C@H](O)/C=C/[C@@H]1[C@@H](C/C=C\CCCC(=O)O)[C@@H](O)C[C@H]1O,[1220]
1.0,0.0,CCCCCc1cc(O)c2c(c1)OC(C)(C)[C@@H]1CCC(C)=C[C@@H]21,[1226]
1.0,0.0,CCCCN(CCCC)CC(O)c1cc(Cl)cc2c1-c1ccc(Cl)cc1/C2=C/c1ccc(Cl)cc1,[1201]
1.0,0.0,CCCCN(CCCC)CCC(O)c1cc2c(Cl)cc(Cl)cc2c2cc(C(F)(F)F)ccc12,[1202]
0.0,1.0,CCCCN1C(=O)C(C(O)C2CCCCC2)N=C(O)C12CCN(Cc1ccc(Oc3ccc(C(=O)O)cc3)cc1)CC2,[1260]
1.0,0.0,CCCCN1CCCCC1C(O)=Nc1c(C)cccc1C,"[1204, 1205]"
1.0,0.0,CCCCN1C[C@H](O)[C@@H](O)[C@H](O)[C@H]1CO,[1203]
1.0,0.0,CCCCN=C(O)NS(=O)(=O)c1ccc(C)cc1,[1261]
1.0,0.0,CCCCNc1cc(C(=O)O)cc(S(N)(=O)=O)c1Oc1ccccc1,[1262]
1.0,0.0,CCCCNc1ccc(C(=O)OCCN(C)C)cc1,[1263]
1.0,0.0,CCCCNc1ccc(C(=O)OCCOCCOCCOCCOCCOCCOCCOCCOCCOC)cc1,[1264]
1.0,0.0,CCCCOCCOCCOCc1cc2c(cc1CCC)OCO2,[1269]
1.0,0.0,CCCCOc1cc(C(=O)OCCN(CC)CC)ccc1N,[1266]
1.0,0.0,CCCCOc1cc(C(O)=NCCN(CC)CC)c2ccccc2n1,[1265]
1.0,0.0,CCCCOc1ccc(C(=O)CCN2CCCCC2)cc1,[1267]
1.0,0.0,CCCCOc1ccc(OCCCN2CCOCC2)cc1,[1268]
1.0,0.0,CCCCS(=O)(=O)NC(Cc1ccc(OCCCCC2CCNCC2)cc1)C(=O)O,[1270]
1.0,0.0,CCCCc1oc2ccc(NS(C)(=O)=O)cc2c1C(=O)c1ccc(OCCCN(CCCC)CCCC)cc1,[1216]
1.0,0.0,CCCCc1oc2ccccc2c1C(=O)c1cc(I)c(OCCN(CC)CC)c(I)c1,[1217]
1.0,0.0,CCCN(CC)C(CC)C(O)=Nc1c(C)cccc1C,[1169]
1.0,0.0,CCCN(CCC)CCc1cccc2[nH]c(O)cc12,[1170]
1.0,0.0,CCCN(CCC)S(=O)(=O)c1ccc(C(=O)O)cc1,[1271]
1.0,0.0,CCCN(CCc1cccs1)[C@H]1CCc2c(O)cccc2C1,[1171]
1.0,0.0,CCCN1CCCCC1C(O)=Nc1c(C)cccc1C,[1175]
1.0,0.0,CCCN1C[C@H](CSC)C[C@@H]2c3cccc4[nH]cc(c34)C[C@H]21,[1172]
1.0,0.0,CCCN=C(O)NS(=O)(=O)c1ccc(Cl)cc1,[1272]
1.0,0.0,CCCNC(C)C(O)=Nc1c(C)csc1C(=O)OC,[1177]
1.0,0.0,CCCNC(C)C(O)=Nc1ccccc1C,[1178]
1.0,0.0,CCCNCC(O)COc1ccccc1C(=O)CCc1ccccc1,[1179]
1.0,0.0,CCCN[C@H]1CCc2[nH]c(=N)sc2C1,[1176]
1.0,0.0,CCCOC(=O)Cn1cc(I)c(=O)c(I)c1,[1273]
1.0,0.0,CCCOc1cc(N)ccc1C(=O)OCCN(CC)CC,[1274]
1.0,0.0,CCCOc1ccc(C(=O)OCCN(CC)CC)cc1N,[1275]
0.0,0.0,CCCS(=O)(=O)Nc1ccc(F)c(C(=O)c2c[nH]c3ncc(-c4ccc(Cl)cc4)cc23)c1F,"[1276, 1277]"
1.0,0.0,CCCSc1ccc2nc(N=C(O)OC)[nH]c2c1,[1278]
1.0,0.0,CCCSc1nc(N[C@@H]2C[C@H]2c2ccc(F)c(F)c2)c2nnn([C@@H]3C[C@H](OCCO)[C@@H](O)[C@H]3O)c2n1,[1279]
1.0,0.0,CCC[C@@H]1CC(C(O)=NC(C(C)Cl)[C@H]2O[C@H](SC)[C@H](O)[C@@H](O)[C@H]2O)N(C)C1,[1167]
1.0,0.0,CCC[C@@H]1CC(C(O)=N[C@@H]([C@H]2O[C@H](SC)[C@H](O)[C@@H](O)[C@H]2O)[C@@H](C)O)N(C)C1,[1166]
1.0,0.0,CCC[C@@]1(CCc2ccccc2)CC(=O)C([C@H](CC)c2cccc(NS(=O)(=O)c3ccc(C(F)(F)F)cn3)c2)C(=O)O1,[1168]
1.0,0.0,CCCc1c2oc(C(=O)O)cc(=O)c2cc2c(=O)cc(C(=O)O)n(CC)c12,[1195]
1.0,0.0,CCCc1cc(O)nc(S)n1,[1196]
1.0,0.0,CCCc1nc(C(C)(C)O)c(C(=O)OCc2oc(=O)oc2C)n1Cc1ccc(-c2ccccc2-c2nn[nH]n2)cc1,[1197]
1.0,0.0,CCCc1nc(C)c2c(=O)nc(-c3cc(S(=O)(=O)N4CCN(CC)CC4)ccc3OCC)[nH]n12,[1198]
1.0,0.0,CCCc1nc2c(C)cc(-c3nc4ccccc4n3C)cc2n1Cc1ccc(-c2ccccc2C(=O)O)cc1,[1199]
1.0,0.0,CCCc1nn(C)c2c(=O)[nH]c(-c3cc(S(=O)(=O)N4CCN(C)CC4)ccc3OCC)nc12,[1194]
1.0,0.0,CCN(C(C)=O)c1cccc(-c2ccnc3c(C#N)cnn23)c1,[1281]
1.0,0.0,CCN(C)C(=O)Oc1cccc([C@H](C)N(C)C)c1,[1280]
1.0,0.0,CCN(CC)C(=O)C(C#N)=Cc1cc(O)c(O)c([N+](=O)[O-])c1,[1283]
1.0,0.0,CCN(CC)C(=O)C1CN2CCc3cc(OC)c(OC)cc3C2CC1OC(C)=O,[1285]
1.0,0.0,CCN(CC)C(=O)N1CCN(C)CC1,[1286]
1.0,0.0,CCN(CC)C(=O)[C@]1(c2ccccc2)C[C@@H]1CN,[1284]
1.0,0.0,CCN(CC)C(=S)SSC(=S)N(CC)CC,[1287]
1.0,0.0,CCN(CC)C(C)C(=O)c1ccccc1,[1079]
1.0,0.0,CCN(CC)C(C)CN1c2ccccc2Sc2ccccc21,[1080]
1.0,0.0,CCN(CC)CC#CCOC(=O)C(O)(c1ccccc1)C1CCCCC1,[1081]
1.0,0.0,CCN(CC)CC(=O)OCC(=O)[C@@]1(O)CC[C@H]2[C@@H]3CC=C4CC(=O)CC[C@]4(C)[C@H]3[C@@H](O)C[C@@]21C,[1083]
1.0,0.0,CCN(CC)CC(O)=Nc1c(C)cccc1C,"[1082, 1289]"
1.0,0.0,CCN(CC)CC=NC(=O)c1c(C)[nH]c(Cc2c(O)[nH]c3ccc(F)cc23)c1C,"[1087, 1290]"
1.0,0.0,CCN(CC)CCCC(C)Nc1ccnc2cc(Cl)ccc12,[1085]
1.0,0.0,CCN(CC)CCN1C(=O)CN=C(c2ccccc2F)c2cc(Cl)ccc21,[1086]
1.0,0.0,CCN(CC)CCN=C(O)c1cc(Cl)c(N)cc1OC,[1088]
1.0,0.0,CCN(CC)CCNC(=O)c1ccc(N)cc1,[1089]
1.0,0.0,CCN(CC)CCOC(=O)C1(C2CCCCC2)CCCCC1,[1090]
1.0,0.0,CCN(CC)CCOC(=O)c1ccc(N)cc1,[1091]
1.0,0.0,CCN(CC)CCOC(=O)c1ccc(N)cc1Cl,[1092]
1.0,0.0,CCN(CC)CCOc1ccc(/C(=C(\Cl)c2ccccc2)c2ccccc2)cc1,[1093]
1.0,0.0,CCN(CC)CCS(=O)(=O)[C@@H]1CCN2C(=O)c3coc(n3)CC(=O)C[C@H](O)/C=C(C)/C=C/CN=C(O)C=CC(C)[C@@H](C(C)C)OC(=O)C12,[1292]
1.0,0.0,CCN(CC)Cc1cc(Nc2ccnc3cc(Cl)ccc23)ccc1O,[1084]
1.0,0.0,CCN(CC)c1ccc(C(=C2C=CC(=[N+](CC)CC)C=C2)c2cc(S(=O)(=O)O)ccc2S(=O)(=O)[O-])cc1,[1288]
1.0,0.0,CCN(CCO)CCCC(C)Nc1ccnc2cc(Cl)ccc12,[1094]
1.0,0.0,CCN(Cc1ccncc1)C(=O)C(CO)c1ccccc1,[1293]
1.0,0.0,CCN1CC(CCN2CCOCC2)C(c2ccccc2)(c2ccccc2)C1=O,[1296]
1.0,0.0,CCN1CCN(C(O)=NC(C(O)=NC2C(=O)N3C(C(=O)O)=C(CSc4nnnn4C)CSC23)c2ccc(O)cc2)C(=O)C1=O,[1303]
1.0,0.0,CCN1CCN(C(O)=NC(C(O)=NC2C(=O)N3C(C(=O)O)C(C)(C)S[C@H]23)c2ccccc2)C(=O)C1=O,[1304]
1.0,0.0,CCN=C(NCC)NCCCCC(N=C(O)[C@H](CC(C)C)N=C(O)[C@@H](CCCCNC(=NCC)NCC)N=C(O)[C@H](Cc1ccc(O)cc1)N=C(O)[C@H](CO)N=C(O)[C@@H](Cc1cccnc1)N=C(O)[C@@H](Cc1ccc(Cl)cc1)N=C(O)[C@@H](Cc1ccc2ccccc2c1)N=C(C)O)C(=O)N1CCC[C@H]1C(O)=N[C@H](C)C(=N)O,[1305]
1.0,0.0,CCN=C(O)C1CCCN1C(=O)[C@H](CCCNC(=N)N)N=C(O)[C@H](CC(C)C)N=C(O)[C@@H](CC(C)C)N=C(O)[C@H](Cc1ccc(O)cc1)N=C(O)[C@H](CO)N=C(O)[C@H](Cc1c[nH]c2ccccc12)N=C(O)[C@H](Cc1cnc[nH]1)N=C(O)[C@@H]1CCC(O)=N1,[1306]
1.0,0.0,CCN=C(O)C1CCCN1C(=O)[C@H](CCCNC(=N)N)N=C(O)[C@H](CC(C)C)N=C(O)[C@@H](Cc1cn(Cc2ccccc2)cn1)N=C(O)[C@H](Cc1ccc(O)cc1)N=C(O)[C@H](CO)N=C(O)[C@H](Cc1c[nH]c2ccccc12)N=C(O)[C@H](Cc1cnc[nH]1)N=C(O)[C@@H]1CCC(O)=N1,[1307]
1.0,0.0,CCN=C(O)CCC/C=C\C[C@@H]1[C@@H](/C=C/[C@@H](O)CCc2ccccc2)[C@H](O)C[C@@H]1O,[1308]
1.0,0.0,CCN[C@@H]1C[C@H](N)[C@@H](O[C@H]2OC(CN)=CC[C@H]2N)[C@H](O)[C@H]1O[C@H]1OC[C@](C)(O)[C@H](NC)[C@H]1O,[1095]
1.0,0.0,CCN[C@H]1CN(CCCOC)S(=O)(=O)c2sc(S(N)(=O)=O)cc21,[1097]
1.0,0.0,CCN[C@H]1C[C@H](C)S(=O)(=O)c2sc(S(N)(=O)=O)cc21,[1096]
1.0,0.0,CCO,[1309]
1.0,0.0,CCOC(=O)C(C)(C)Oc1ccc(Cl)cc1,[1320]
1.0,0.0,CCOC(=O)C(CCc1ccccc1)NC(C)C(=O)N1C(C(=O)O)C[C@@H]2CCC[C@@H]21,[1313]
1.0,0.0,CCOC(=O)C(CCc1ccccc1)NC(C)C(=O)N1C(C(=O)O)C[C@H]2CCCC[C@@H]21,[1314]
1.0,0.0,CCOC(=O)C(CCc1ccccc1)NC(C)C(=O)N1CC2(CC1C(=O)O)SCCS2,[1315]
1.0,0.0,CCOC(=O)C(CCc1ccccc1)NC(C)C(=O)N1CCCC1C(=O)O,[1318]
1.0,0.0,CCOC(=O)C(CCc1ccccc1)NC(C)C(=O)N1Cc2cc(OC)c(OC)cc2CC1C(=O)O,[1316]
1.0,0.0,CCOC(=O)C(CCc1ccccc1)NC(C)C(=O)N1Cc2ccccc2CC1C(=O)O,[1317]
1.0,0.0,CCOC(=O)C(CCc1ccccc1)NC1CCc2ccccc2N(CC(=O)O)C1=O,[1319]
1.0,0.0,CCOC(=O)C1(c2ccccc2)CCN(C)CC1,[1321]
1.0,0.0,CCOC(=O)C1(c2ccccc2)CCN(CCC(C#N)(c2ccccc2)c2ccccc2)CC1,[1322]
1.0,0.0,CCOC(=O)C1(c2ccccc2)CCN(CCc2ccc(N)cc2)CC1,[1323]
1.0,0.0,CCOC(=O)C1=C(C)N=C(C)C(C(=O)OC)C1c1cccc(Cl)c1Cl,[1324]
1.0,0.0,CCOC(=O)C1=C(COCCN)N=C(C)C(C(=O)OC)C1c1ccccc1Cl,[1325]
1.0,0.0,CCOC(=O)C1=CC(OC(CC)CC)[C@H](N=C(C)O)[C@@H](N)C1,[1114]
1.0,0.0,CCOC(=O)C=C(C)C=C/C=C(C)/C=C/c1c(C)cc(OC)c(C)c1C,[1311]
1.0,0.0,CCOC(=O)CC(SP(=S)(OC)OC)C(=O)OCC,[1329]
1.0,0.0,CCOC(=O)CCCCCCCCC(C)c1ccccc1I,[1330]
1.0,0.0,CCOC(=O)N1CCC(=C2c3ccc(Cl)cc3CCc3cccnc32)CC1,[1331]
1.0,0.0,CCOC(=O)OC(C)OC(=O)C1N2C(=O)C(N=C(O)C(N)c3ccccc3)C2SC1(C)C,[1335]
1.0,0.0,CCOC(=O)O[C@]1(C(=O)COC(=O)CC)CC[C@H]2[C@@H]3CC=C4CC(=O)C=C[C@]4(C)[C@H]3[C@@H](O)C[C@@]21C,[1136]
1.0,0.0,CCOC(=O)O[C@]1(C(=O)OCCl)CC[C@H]2[C@@H]3CC=C4CC(=O)C=C[C@]4(C)[C@H]3[C@@H](O)C[C@@]21C,[1334]
1.0,0.0,CCOC(=O)[C@@](C)(N)Cc1ccc(O)c(O)c1,[1312]
1.0,0.0,CCOC(=O)c1ccc(C#Cc2ccc3c(c2)C(C)(C)CCS3)nc1,[1327]
1.0,0.0,CCOC(=O)c1cncn1C(C)c1ccccc1,[1328]
1.0,0.0,CCOC(=O)c1ncn2c1CN(C)C(=O)c1cc(F)ccc1-2,[1326]
1.0,0.0,CCOC(O)=Nc1ccc(NCc2ccc(F)cc2)cc1N,[1332]
1.0,0.0,CCOC(O)=Nc1ccc2c(c1)N(C(=O)CCN1CCOCC1)c1ccccc1S2,[1333]
1.0,0.0,CCOCCP(CCOCC)CCP(CCOCC)CCOCC,[1344]
1.0,0.0,CCOCCn1c(N2CCCN(C)CC2)nc2ccccc21,[1343]
1.0,0.0,CCON=C(C1=NC(=N[PH-](=O)(O)O)[S+]=N1)C([O-])=[NH+]C1C(=O)N2C(C(=O)[O-])=C(Sc3[nH+]c(-c4cc[n+](C)cc4)cs3)CSC12,[1310]
1.0,0.0,CCOP(=O)(OCC)SCC[N+](C)(C)C,[1345]
1.0,0.0,CCOc1cc(CC(O)=N[C@@H](CC(C)C)c2ccccc2N2CCCCC2)ccc1C(=O)O,[1336]
0.0,1.0,CCOc1ccc(-c2cc(C)cn2-c2ccc(S(N)(=O)=O)cc2)cc1,[1337]
1.0,0.0,CCOc1ccc(CC(CN(CCN(CC(=O)O)CC(=O)O)CC(=O)O)N(CC(=O)O)CC(=O)O)cc1,[1338]
1.0,0.0,CCOc1ccc2ccccc2c1C(O)=NC1C(=O)N2C(C(=O)O)C(C)(C)S[C@H]12,[1340]
1.0,0.0,CCOc1ccc2nc(S(N)(=O)=O)sc2c1,[1339]
1.0,0.0,CCOc1ccccc1OCCN[C@H](C)Cc1ccc(OC)c(S(N)(=O)=O)c1,[1341]
1.0,0.0,CCOc1nc2cccc(C(=O)OCc3oc(=O)oc3C)c2n1Cc1ccc(-c2ccccc2-c2nc(=O)o[nH]2)cc1,[1342]
1.0,0.0,CCS(=O)(=O)CCn1c([N+](=O)[O-])cnc1C,[1347]
1.0,0.0,CCSc1ccc2c(c1)N(CCCN1CCN(C)CC1)c1ccccc1S2,[1348]
1.0,0.0,CC[C@@H](CO)N=C(O)C1=CC2c3cccc4[nH]cc(c34)C[C@H]2N(C)C1,[1053]
1.0,0.0,CC[C@@H](CO)N=C(O)C1=CC2c3cccc4c3c(cn4C)C[C@H]2N(C)C1,[1054]
1.0,0.0,CC[C@@H](CO)NCCN[C@@H](CC)CO,[1052]
1.0,0.0,CC[C@@H]([C@H](C)O)n1ncn(-c2ccc(N3CCN(c4ccc(OC[C@@H]5CO[C@@](Cn6cncn6)(c6ccc(F)cc6F)C5)cc4)CC3)cc2)c1=O,[1047]
1.0,0.0,CC[C@@H](c1cccc(O)c1)[C@@H](C)CN(C)C,[1051]
1.0,0.0,CC[C@@]1(O)C(=O)OCc2c1cc1n(c2=O)Cc2cc3c(CN(C)C)c(O)ccc3nc2-1,[1043]
1.0,0.0,CC[C@H](C)C1N=C(O)[C@H](Cc2ccc(O)cc2)N=C(O)[C@@H](N)CSSC[C@@H](C(=O)N2CCC[C@H]2C(O)=N[C@@H](CC(C)C)C(O)=NCC(=N)O)N=C(O)[C@H](CC(=N)O)N=C(O)[C@H](CCC(=N)O)N=C1O,[1066]
1.0,0.0,CC[C@H](C)[C@H]1O[C@]2(CC[C@@H]1C)C[C@@H]1C[C@@H](C/C=C(\C)[C@@H](O[C@H]3C[C@H](OC)[C@@H](O[C@H]4C[C@H](OC)[C@@H](O)[C@H](C)O4)[C@H](C)O3)[C@@H](C)/C=C/C=C3\CO[C@@H]4[C@H](O)C(C)=CC(C(=O)O1)[C@]34O)O2,[1065]
1.0,0.0,CC[C@H](OC(C)=O)C(C[C@H](C)N(C)C)(c1ccccc1)c1ccccc1,[1048]
1.0,0.0,CC[C@H]1CCC[C@H](O[C@H]2CC[C@H](N(C)C)[C@@H](C)O2)C(C)C(=O)C2=CC3[C@@H](C=C(C)[C@@H]4C[C@@H](O[C@@H]5O[C@@H](C)[C@H](OC)[C@@H](OC)[C@H]5OC)C[C@@H]34)[C@@H]2CC(=O)O1,[1071]
1.0,0.0,CC[C@H]1OC(=O)C(C)[C@@H](O[C@H]2C[C@@](C)(OC)[C@@H](O)[C@H](C)O2)C(C)[C@@H](O[C@@H]2O[C@H](C)C[C@H](N(C)C)[C@H]2O)[C@](C)(O)C[C@@H](C)CN(C)[C@H](C)[C@@H](O)[C@]1(C)O,[1056]
1.0,0.0,CC[C@H]1OC(=O)C(C)[C@@H](O[C@H]2C[C@@](C)(OC)[C@@H](O)[C@H](C)O2)[C@H](C)[C@@H](O[C@@H]2O[C@H](C)C[C@H](N(C)C)[C@H]2O)[C@](C)(O)CC(C)C(=O)C(C)[C@@H](O)[C@]1(C)O,[1057]
1.0,0.0,CC[C@H]1OC(=O)C(C)[C@@H](O[C@H]2C[C@@](C)(OC)[C@@H](O)[C@H](C)O2)[C@H](C)[C@@H](O[C@@H]2O[C@H](C)C[C@H](N(C)C)[C@H]2O)[C@](C)(OC)CC(C)C(=O)C(C)[C@@H](O)[C@]1(C)O,[1058]
1.0,0.0,CC[C@]1(O)CC[C@H]2[C@@H]3CCC4=CCCC[C@@H]4[C@H]3CC[C@@]21C,[1046]
0.0,1.0,CC[C@]1(O)C[C@H]2CN(CCc3c([nH]c4ccccc34)[C@@](C(=O)OC)(c3cc4c(cc3OC)N(C=O)[C@H]3[C@@](O)(C(=O)OC)[C@H](OC(C)=O)[C@]5(CC)C=CCN6CC[C@]43[C@@H]65)C2)C1,"[1044, 1045]"
1.0,0.0,CC[N+](C)(C)Cc1ccccc1Br,[1073]
1.0,0.0,CC[N+](C)(C)c1cccc(O)c1,[1072]
1.0,0.0,CC[N+](C)(CC)CCOC(=O)C(O)(c1ccccc1)C1CCCCC1,[1074]
1.0,0.0,CC[N+](C)(CC)CCOC(=O)C1c2ccccc2Oc2ccccc21,[1075]
1.0,0.0,CC[N+](CC)(CC)CCC(O)(c1ccccc1)C1CCCCC1,[1076]
1.0,0.0,CC[N+](CC)(CC)CCOc1cccc(OCC[N+](CC)(CC)CC)c1OCC[N+](CC)(CC)CC,[1077]
1.0,0.0,CC[N+](CC)(CCN=C(O)C(O)=NCC[N+](CC)(CC)Cc1ccccc1Cl)Cc1ccccc1Cl,[1078]
1.0,0.0,CCc1c(C)[nH]c2c1C(=O)C(CN1CCOCC1)CC2,[1147]
1.0,0.0,CCc1c(C)cn(C(O)=NCCc2ccc(S(=O)(=O)NC(O)=NC3CCC(C)CC3)cc2)c1O,[1150]
1.0,0.0,CCc1c(Cl)c(O)c(Cl)c(O)c1C(=O)O[C@H]1[C@H](O)[C@H](OC)[C@H](OCC2=CC=CC[C@H](O)/C(C)=C/[C@H](CC)[C@@H](O[C@@H]3OC(C)(C)[C@@H](OC(=O)C(C)C)[C@H](O)[C@@H]3O)/C(C)=C/C(C)=C/C[C@@H]([C@@H](C)O)OC2=O)O[C@@H]1C,[1148]
0.0,0.0,CCc1c2c(nc3ccc(OC(=O)N4CCC(N5CCCCC5)CC4)cc13)-c1cc3c(c(=O)n1C2)COC(=O)[C@]3(O)CC,"[1153, 1154]"
1.0,0.0,CCc1cc(C(=N)S)ccn1,[1156]
1.0,0.0,CCc1cc2c(cc1CC)CC(NC[C@H](O)c1ccc(O)c3nc(O)ccc13)C2,[1157]
1.0,0.0,CCc1ccc(CCOc2ccc(Cc3sc(O)nc3O)cc2)nc1,"[1159, 1161]"
1.0,0.0,CCc1cccc2c3c([nH]c12)C(CC)(CC(=O)O)OCC3,[1160]
1.0,0.0,CCc1nc(=N)[nH]c(N)c1-c1ccc(Cl)cc1,[1149]
1.0,0.0,CCc1nn(CCCN2CCN(c3cccc(Cl)c3)CC2)c(=O)n1CCOc1ccccc1,[1163]
1.0,0.0,CCn1c(O)nc(-c2ccccc2)c1O,[1294]
1.0,0.0,CCn1cc(C(=O)O)c(=O)c2cc(F)c(N3CCNC(C)C3)c(F)c21,[1297]
1.0,0.0,CCn1cc(C(=O)O)c(=O)c2cc(F)c(N3CCNCC3)cc21,[1298]
1.0,0.0,CCn1cc(C(=O)O)c(=O)c2cc(F)c(N3CCNCC3)nc21,[1299]
1.0,0.0,CCn1cc(C(=O)O)c(=O)c2ccc(C)nc21,[1300]
1.0,0.0,CCn1ccc(NS(=O)(=O)c2ccc(N)cc2)nc1=O,[1301]
1.0,0.0,CCn1nc(C(=O)O)c(=O)c2cc3c(cc21)OCO3,[1295]
1.0,0.0,CN(C(=O)CC(=O)N(C)c1c(I)c(C(O)=NC(CO)C(O)CO)c(I)c(C(O)=NC(CO)C(O)CO)c1I)c1c(I)c(C(O)=NC(CO)C(O)CO)c(I)c(C(O)=NC(CO)C(O)CO)c1I,[1365]
1.0,0.0,CN(C)/C=N/c1c(I)cc(I)c(CCC(=O)O)c1I,[1355]
1.0,0.0,CN(C)C(=N)NC(=N)N,[1357]
1.0,0.0,CN(C)C(=O)C(CCN1CCC(O)(c2ccc(Cl)cc2)CC1)(c1ccccc1)c1ccccc1,[1358]
1.0,0.0,CN(C)C(=O)Oc1ccc[n+](C)c1,[565]
1.0,0.0,CN(C)C1C(=O)C(C(=N)O)C(=O)[C@@]2(O)C(=O)C3C(=O)c4c(O)cccc4[C@@](C)(O)[C@H]3C[C@@H]12,[445]
1.0,0.0,CN(C)C1C(=O)C(C(=N)O)C(=O)[C@@]2(O)C(=O)C3C(=O)c4c(O)cccc4[C@@](C)(O)[C@H]3[C@H](O)[C@@H]12,[444]
1.0,0.0,CN(C)CC(c1ccc(O)cc1)C1(O)CCCCC1,[571]
1.0,0.0,CN(C)CC/C=C1/c2ccccc2COc2ccc(CC(=O)O)cc21,[573]
1.0,0.0,CN(C)CC/C=C1/c2ccccc2Sc2ccc(Cl)cc21,[574]
1.0,0.0,CN(C)CCC(O)(c1ccccc1)c1ccccc1Cl,[578]
1.0,0.0,CN(C)CCC(c1ccc(Br)cc1)c1ccccn1,[576]
1.0,0.0,CN(C)CCC(c1ccc(Cl)cc1)c1ccccn1,[577]
1.0,0.0,CN(C)CCC(c1ccccc1)c1ccccn1,[579]
1.0,0.0,CN(C)CCC=C1c2ccccc2CCc2ccccc21,[585]
1.0,0.0,CN(C)CCCC1(c2ccc(F)cc2)OCc2cc(C#N)ccc21,[584]
1.0,0.0,CN(C)CCCN1c2ccccc2CCc2ccc(Cl)cc21,[586]
1.0,0.0,CN(C)CCCN1c2ccccc2CCc2ccccc21,[587]
1.0,0.0,CN(C)CCCN1c2ccccc2Sc2ccc(C(F)(F)F)cc21,[588]
1.0,0.0,CN(C)CCCN1c2ccccc2Sc2ccc(Cl)cc21,[589]
1.0,0.0,CN(C)CCCN1c2ccccc2Sc2ccccc21,[590]
1.0,0.0,CN(C)CCC[C@@]1(c2ccc(F)cc2)OCc2cc(C#N)ccc21,[583]
1.0,0.0,CN(C)CCN(Cc1ccccc1)c1ccccn1,[592]
1.0,0.0,CN(C)CCOC(=O)C(c1ccccc1)C1(O)CCCC1,[596]
1.0,0.0,CN(C)CCOC(C)(c1ccccc1)c1ccccn1,[774]
1.0,0.0,CN(C)CCOC(c1ccc(Cl)cc1)c1ccccn1,[594]
1.0,0.0,CN(C)CCOC(c1ccccc1)c1ccccc1,[595]
1.0,0.0,CN(C)CCOc1ccc(/C(=C(/CCCl)c2ccccc2)c2ccccc2)cc1,[597]
1.0,0.0,CN(C)CC[C@@H](c1ccc(Br)cc1)c1ccccn1,[575]
1.0,0.0,CN(C)CCc1c[nH]c2ccc(CS(=O)(=O)N3CCCC3)cc12,[582]
1.0,0.0,CN(C)CCc1c[nH]c2ccc(C[C@H]3COC(O)=N3)cc12,[580]
1.0,0.0,CN(C)CCc1c[nH]c2ccc(Cn3cncn3)cc12,[581]
1.0,0.0,CN(C)CCn1nnnc1SC=C1CSC2C(N=C(O)Cc3csc(=N)[nH]3)C(=O)N2C1C(=O)O,[593]
1.0,0.0,CN(C)N=Nc1[nH]cnc1C(N)=O,"[1356, 1364]"
1.0,0.0,CN(C)[C@@H]1C(=O)C(C(=N)O)C(=O)[C@@]2(O)C(O)c3c(c(O)c4c(Cl)ccc(O)c4c3O)C[C@@H]12,[569]
1.0,0.0,CN(C)c1cc(N=C(O)CNC(C)(C)C)c(O)c2c(O)c3c(cc12)C[C@H]1[C@H](N(C)C)C(=O)C(C(=N)O)C(=O)[C@@]1(O)C3O,[679]
1.0,0.0,CN(C)c1ccc(C(=C2C=CC(=[N+](C)C)C=C2)c2ccc(N(C)C)cc2)cc1,[1359]
1.0,0.0,CN(C)c1cccc2cc(S(=O)(=O)O)ccc12,[1360]
1.0,0.0,CN(C)c1nc(N(C)C)nc(N(C)C)n1,[1361]
1.0,0.0,CN(C/C=C/C#CC(C)(C)C)Cc1cccc2ccccc12,[680]
1.0,0.0,CN(C/C=C/c1ccccc1)Cc1cccc2ccccc12,[599]
1.0,0.0,CN(CCCCCCCCCCN(C)C(=O)Oc1cccc([N+](C)(C)C)c1)C(=O)Oc1cccc([N+](C)(C)C)c1,[1369]
1.0,0.0,CN(CCCl)CCCl,[602]
1.0,0.0,CN(CCOc1ccc(Cc2sc(O)nc2O)cc1)c1ccccn1,"[1371, 1372]"
1.0,0.0,CN(CCOc1ccc(NS(C)(=O)=O)cc1)CCc1ccc(NS(C)(=O)=O)cc1,[601]
0.0,0.0,CN(Cc1cnc2nc(=N)[nH]c(N)c2n1)c1ccc(C(=O)NC(CCC(=O)O)C(=O)O)cc1,"[1367, 1368]"
1.0,0.0,CN(N=O)C(O)=N[C@@H]1[C@@H](O)[C@H](O)[C@@H](CO)O[C@@H]1O,[1354]
1.0,0.0,CN1C(=O)C(O)N=C(c2ccccc2)c2cc(Cl)ccc21,[1393]
1.0,0.0,CN1C(=O)CC(C)(c2ccccc2)C1=O,[885]
1.0,0.0,CN1C(=O)CCS(=O)(=O)C1c1ccc(Cl)cc1,[1388]
1.0,0.0,CN1C(=O)CN=C(c2ccccc2)c2cc(Cl)ccc21,[1394]
1.0,0.0,CN1C(=O)OC(C)(C)C1=O,[880]
1.0,0.0,CN1C(C(O)=Nc2ccccn2)C(=O)c2ccccc2S1(=O)=O,[1377]
1.0,0.0,CN1C(CCl)Nc2cc(Cl)c(S(N)(=O)=O)cc2S1(=O)=O,[1379]
1.0,0.0,CN1C(CSCC(F)(F)F)Nc2cc(Cl)c(S(N)(=O)=O)cc2S1(=O)=O,[1380]
1.0,0.0,CN1C2CC(OC(=O)C(CO)c3ccccc3)CC1C1OC12,[606]
1.0,0.0,CN1C2CCCC1CC(NC(=O)c1nn(C)c3ccccc13)C2,[1396]
1.0,0.0,CN1CC(=O)N2C(Cc3c([nH]c4ccccc34)[C@H]2c2ccc3c(c2)OCO3)C1=O,[1397]
1.0,0.0,CN1CC(C(O)=N[C@]2(C)O[C@@]3(O)[C@@H]4CCCN4C(=O)C(Cc4ccccc4)N3C2=O)=CC2c3cccc4[nH]cc(c34)C[C@H]21,[386]
1.0,0.0,CN1CC(C(O)=N[C@]2(C)O[C@@]3(O)[C@@H]4CCCN4C(=O)C(Cc4ccccc4)N3C2=O)C[C@@H]2c3cccc4[nH]cc(c34)C[C@H]21,[385]
1.0,0.0,CN1CCC(=C2c3ccccc3C=Cc3ccccc32)CC1,[619]
1.0,0.0,CN1CCC(=C2c3ccccc3CC(=O)c3sccc32)CC1,[618]
1.0,0.0,CN1CCC(=C2c3ccccc3CCc3cccnc32)CC1,[620]
1.0,0.0,CN1CCC(=C2c3ccccc3CCn3c(C=O)cnc32)CC1,[621]
1.0,0.0,CN1CCC(CN2c3ccccc3Sc3ccccc32)C1,[617]
0.0,1.0,CN1CCC(CN=c2ccc3ncc(-c4cccc(OC(F)(F)F)c4)n3[nH]2)CC1,[1401]
1.0,0.0,CN1CCC(OC(c2ccccc2)c2ccccc2)CC1,[623]
1.0,0.0,CN1CCCC(CC2c3ccccc3Sc3ccccc32)C1,[628]
1.0,0.0,CN1CCCC(n2nc(Cc3ccc(Cl)cc3)c3ccccc3c2=O)CC1,[629]
1.0,0.0,CN1CCCCC1CCN1c2ccccc2Sc2ccc(S(C)=O)cc21,[630]
1.0,0.0,CN1CCCN=C1COC(=O)C(O)(c1ccccc1)C1CCCCC1,[1402]
1.0,0.0,CN1CCC[C@@H]1CCO[C@](C)(c1ccccc1)c1ccc(Cl)cc1,[383]
1.0,0.0,CN1CCC[C@@H]1Cc1c[nH]c2ccc(CCS(=O)(=O)c3ccccc3)cc12,[626]
1.0,0.0,CN1CCC[C@H]1c1cccnc1,[627]
1.0,0.0,CN1CCN(C(=O)Oc2c3nccnc3c(O)n2-c2ccc(Cl)cn2)CC1,[633]
1.0,0.0,CN1CCN(C(c2ccccc2)c2ccccc2)CC1,[632]
1.0,0.0,CN1CCN(C2=Nc3cc(Cl)ccc3Nc3ccccc32)CC1,[634]
1.0,0.0,CN1CCN(C2=Nc3ccccc3Oc3ccc(Cl)cc32)CC1,[635]
1.0,0.0,CN1CCN(CC/C=C2/c3ccccc3Sc3ccc(S(=O)(=O)N(C)C)cc32)CC1,[636]
1.0,0.0,CN1CCN(CCCN2c3ccccc3Sc3ccc(C(F)(F)F)cc32)CC1,[637]
1.0,0.0,CN1CCN(CCCN2c3ccccc3Sc3ccc(Cl)cc32)CC1,"[638, 1399]"
0.0,1.0,CN1CCN(c2ccc3nc(-c4c(O)nc5cccc(F)c5c4N)[nH]c3c2)CC1,[1403]
1.0,0.0,CN1CCN2c3ncccc3Cc3ccccc3C2C1,[639]
1.0,0.0,CN1CC[C@]23CCCC[C@H]2[C@H]1Cc1ccc(O)cc13,[616]
1.0,0.0,CN1CC[C@]23c4c5ccc(O)c4OC2C(=O)CC[C@@]3(O)[C@H]1C5,[612]
1.0,0.0,CN1CC[C@]23c4c5ccc(O)c4OC2C(=O)CC[C@H]3[C@H]1C5,[614]
1.0,0.0,CN1CC[C@]23c4c5ccc(O)c4O[C@H]2[C@@H](O)C=C[C@H]3[C@H]1C5,[610]
1.0,0.0,CN1CCc2cccc3c2[C@H]1Cc1ccc(O)c(O)c1-3,[625]
1.0,0.0,CN1C[C@@H]2c3ccccc3Oc3ccc(Cl)cc3[C@H]2C1,[607]
1.0,0.0,CN1[C@@H]2CC[C@@H]1CC(OC(c1ccccc1)c1ccccc1)C2,[604]
1.0,0.0,CN1[C@@H]2CC[C@H]1C[C@@H](OC(=O)C(CO)c1ccccc1)C2,[605]
1.0,0.0,CN1[C@@H]2C[C@@H](OC(=O)C(CO)c3ccccc3)C[C@H]1[C@@H]1O[C@@H]12,[603]
1.0,0.0,CN1c2c(O)nc(=N)[nH]c2NC[C@@H]1CNc1ccc(C(=O)NC(CCC(=O)O)C(=O)O)cc1,[1389]
1.0,0.0,CN=C(NC#N)NCCSCc1[nH]cnc1C,[945]
1.0,0.0,CN=C(NC)NCc1ccccc1,[1374]
1.0,0.0,CN=C(O)CN(CCN(CCN(CC(=O)O)CC(O)=NC)CC(=O)O)CC(=O)O,[1411]
1.0,0.0,CN=C(O)c1c(C)c(C(=O)O)c(I)c(N=C(C)O)c1I,[892]
1.0,0.0,CN=C(O)c1c(I)c(C(O)=NCC(O)=Nc2c(I)c(C(=O)O)c(I)c(C(O)=NCCO)c2I)c(I)c(N(C)C(C)=O)c1I,[808]
1.0,0.0,CN=C(O)c1c(I)c(N=C(C)O)c(I)c(C(=O)O)c1I,[820]
1.0,0.0,CN=C(O)c1cnn(-c2nc(N)c3ncn([C@@H]4O[C@H](CO)[C@@H](O)[C@H]4O)c3n2)c1,[1409]
1.0,0.0,CN=C1CN(O)C(c2ccccc2)=c2cc(Cl)ccc2=N1,[74]
0.0,0.0,CNC(=O)c1cc(Oc2ccc(NC(O)=Nc3ccc(Cl)c(C(F)(F)F)c3)cc2)ccn1,"[1408, 1410]"
1.0,0.0,CNC(C)(C)Cc1ccccc1,[694]
1.0,0.0,CNC(C)C1CCC(N)C(OC2C(N)CC(N)C(OC3OCC(C)(O)C(NC)C3O)C2O)O1,[770]
1.0,0.0,CNC(C)Cc1ccccc1,[782]
1.0,0.0,CNC1(C)C2CCC(C2)C1(C)C,[882]
1.0,0.0,CNC1(c2ccccc2Cl)CCCCC1=O,[643]
1.0,0.0,CNC1=Nc2ccc(Cl)cc2C(c2ccccc2)[N+]([O-])=C1,[1412]
1.0,0.0,CNCC(O)c1ccc(OC(=O)C(C)(C)C)c(OC(=O)C(C)(C)C)c1,[681]
1.0,0.0,CNCCC(Oc1ccc(C(F)(F)F)cc1)c1ccccc1,[648]
1.0,0.0,CNCCCC12CCC(c3ccccc31)c1ccccc12,[649]
1.0,0.0,CNCCCC1c2ccccc2C=Cc2ccccc21,[650]
1.0,0.0,CNCCCN1c2ccccc2CCc2ccccc21,[651]
1.0,0.0,CNCC[C@@H](Oc1ccccc1C)c1ccccc1,[1019]
1.0,0.0,CNCC[C@H](Oc1cccc2ccccc12)c1cccs1,"[647, 1413]"
1.0,0.0,CNC[C@H](O)[C@@H](O)[C@H](O)[C@H](O)CO,[644]
1.0,0.0,CNC[C@H](O)c1ccc(O)c(O)c1,[645]
1.0,0.0,CNC[C@H](O)c1cccc(O)c1,[646]
1.0,0.0,CNNCc1ccc(C(=O)NC(C)C)cc1,[757]
1.0,0.0,CNS(=O)(=O)CCc1ccc2[nH]cc(C3CCN(C)CC3)c2c1,[1415]
1.0,0.0,CNS(=O)(=O)Cc1ccc2[nH]cc(CCN(C)C)c2c1,[1414]
1.0,0.0,CN[C@@H](C)[C@@H](O)c1ccccc1,[391]
1.0,0.0,CN[C@@H]1CCc2[nH]c3ccc(C(=N)O)cc3c2C1,[641]
1.0,0.0,CN[C@@H]1[C@H](O)[C@H](NC)[C@H]2O[C@@]3(O)C(=O)C[C@@H](C)O[C@H]3O[C@@H]2[C@H]1O,[427]
1.0,0.0,CN[C@@H]1[C@H](O[C@H]2[C@H](O[C@H]3[C@H](O)[C@@H](O)[C@H](NC(=N)N)[C@@H](O)[C@@H]3NC(=N)N)O[C@@H](C)[C@]2(O)C=O)O[C@@H](CO)[C@H](O)[C@H]1O,[517]
1.0,0.0,CN[C@H](CC(C)C)C(O)=N[C@H]1C(O)=N[C@@H](CC(=N)O)C(O)=N[C@H]2C(O)=Nc3c(O)[nH]c(c(O)[nH]c(=C(O)O)c4cc(O)cc(O)c4c4cc3ccc4O)[C@H](O)c3ccc(c(Cl)c3)Oc3cc2cc(c3O[C@@H]2O[C@H](CO)[C@@H](O)[C@H](O)[C@H]2O[C@H]2C[C@](C)(N)[C@H](O)[C@H](C)O2)Oc2ccc(cc2Cl)[C@H]1O,[520]
1.0,0.0,CN[C@H]1CC[C@@H](c2ccc(Cl)c(Cl)c2)c2ccccc21,[642]
1.0,0.0,COC(=O)C(c1ccccc1)C1CCCCN1,[1427]
1.0,0.0,COC(=O)C(c1ccccc1)[C@H]1CCCCN1,[1425]
1.0,0.0,COC(=O)C(c1ccccc1Cl)N1CCc2sccc2C1,[1426]
1.0,0.0,COC(=O)C1=C(C)N=C(C)C(C(=O)OC(C)C)C1c1cccc2nonc12,[894]
1.0,0.0,COC(=O)C1=C(C)N=C(C)C(C(=O)OC)C1c1ccccc1[N+](=O)[O-],[895]
1.0,0.0,COC(=O)C1=C(C)N=C(C)C(C(=O)OCC(C)C)C1c1ccccc1[N+](=O)[O-],[896]
1.0,0.0,COC(=O)C1=C(C)N=C(C)C(C(=O)OCCN(C)Cc2ccccc2)C1c1cccc([N+](=O)[O-])c1,[897]
1.0,0.0,COC(=O)C1=CC2CC(=O)CC[C@]2(C)[C@@]23O[C@@H]2C[C@@]2(C)[C@@H](CC[C@@]24CCC(=O)O4)C13,[480]
1.0,0.0,COC(=O)C1[C@H]2C[C@@H]3c4[nH]c5cc(OC)ccc5c4CCN3C[C@H]2C[C@@H](OC(=O)/C=C/c2cc(OC)c(OC)c(OC)c2)[C@@H]1OC,[1453]
1.0,0.0,COC(=O)C1[C@H]2C[C@@H]3c4[nH]c5cc(OC)ccc5c4CCN3C[C@H]2C[C@@H](OC(=O)c2cc(OC)c(OC)c(OC)c2)[C@@H]1OC,[1454]
1.0,0.0,COC(=O)C1[C@H]2C[C@@H]3c4[nH]c5ccccc5c4CCN3C[C@H]2C[C@@H](OC(=O)c2cc(OC)c(OC)c(OC)c2)[C@@H]1OC,[1439]
1.0,0.0,COC(=O)CCC(=O)CN,[1429]
1.0,0.0,COC(=O)CCc1ccc(OCC(O)CNC(C)C)cc1,[716]
1.0,0.0,COC(=O)c1ccccc1O,[1428]
1.0,0.0,COC(C(=O)C(O)[C@@H](C)O)[C@@H]1Cc2cc3cc(O[C@H]4C[C@@H](O[C@H]5C[C@@H](O)[C@H](O)[C@@H](C)O5)[C@H](O)[C@@H](C)O4)c(C)c(O)c3c(O)c2C(=O)C1O[C@H]1C[C@@H](O[C@H]2C[C@@H](O[C@H]3C[C@](C)(O)[C@H](O)[C@@H](C)O3)[C@@H](O)[C@@H](C)O2)[C@H](O)[C@@H](C)O1,[933]
1.0,0.0,COC(F)(F)C(Cl)Cl,[1422]
1.0,1.0,COC(O)=NC(C(O)=NN(Cc1ccc(-c2ccccn2)cc1)C[C@H](O)[C@H](Cc1ccccc1)N=C(O)[C@@H](N=C(O)OC)C(C)(C)C)C(C)(C)C,[669]
1.0,0.0,COC(O)=Nc1nc2ccc(C(=O)c3ccccc3)cc2[nH]1,[1430]
1.0,0.0,COC(c1ccccc1)(c1ccccc1)C(Oc1nc(C)cc(C)n1)C(=O)O,[974]
1.0,0.0,COC1=C2C(C)[C@@H](OC(=O)C(O)C(N=C(O)OC(C)(C)C)c3ccccc3)C[C@@](O)([C@@H](OC(=O)c3ccccc3)[C@@H]3[C@]4(OC(C)=O)CO[C@@H]4C[C@H](OC)[C@@]3(C)C1=O)C2(C)C,[954]
0.0,1.0,COC1=CC(/C=C/C2=CCCC=C2)OC(=O)C1,[1441]
1.0,0.0,COC1=CC(=O)C[C@@H](C)[C@]12Oc1c(Cl)c(OC)cc(OC)c1C2=O,[428]
1.0,0.0,COC1C(=O)C(C)C[C@H](C)/C=C/C=C/C=C(\C)[C@@H](OC)CC2CC[C@@H](C)[C@@](O)(O2)C(=O)C(=O)N2CCCCC2C(=O)O[C@H]([C@H](C)C[C@@H]2CC[C@@H](OC(=O)C(C)(CO)CO)[C@H](OC)C2)CC(=O)C(C)=CC(C)[C@H]1O,[435]
1.0,0.0,COC1C(=O)C(C)C[C@H](C)/C=C/C=C/C=C(\C)[C@@H](OC)C[C@@H]2CC[C@@H](C)[C@@](O)(O2)C(=O)C(=O)N2CCCCC2C(=O)O[C@H]([C@H](C)C[C@@H]2CC[C@@H](O)[C@H](OC)C2)CC(=O)C(C)=CC(C)[C@H]1O,[432]
0.0,1.0,COC1C(=O)C(C)C[C@H](C)/C=C/C=C/C=C(\C)[C@@H](OC)C[C@@H]2CC[C@@H](C)[C@@](O)(O2)C(=O)C(=O)N2CCCCC2C(=O)O[C@H]([C@H](C)C[C@@H]2CC[C@@H](OCCO)[C@H](OC)C2)CC(=O)C(C)=CC(C)[C@H]1O,[433]
1.0,0.0,COC1C(=O)C(C)C[C@H](C)/C=C\C=C\C=C(/C)[C@@H](OC)C[C@@H]2CC[C@@H](C)[C@@](O)(O2)C(=O)C(=O)N2CCCCC2C(=O)O[C@H]([C@H](C)C[C@@H]2CC[C@@H](OCCO)[C@H](OC)C2)CC(=O)C(C)=CC(C)[C@H]1O,[434]
1.0,0.0,COC=C1CSC2C(=NC(=O)C(NOC)c3csc(=N)[nH]3)C(=O)N2C1C(=O)OC(C)OC(=O)OC(C)C,[764]
1.0,0.0,COCC(N=C(C)O)C(O)=NCc1ccccc1,[818]
1.0,0.0,COCC(O)=Nc1c(I)c(C(=O)N(C)CC(O)CO)c(I)c(C(O)=NCC(O)CO)c1I,[1366]
1.0,0.0,COCCCCC(=NOCCN)c1ccc(C(F)(F)F)cc1,[1462]
1.0,0.0,COCCCOc1cc(C[C@@H](C[C@H](N)[C@@H](O)CC(C(O)=NCC(C)(C)C(=N)O)C(C)C)C(C)C)ccc1OC,[703]
1.0,0.0,COCCCOc1ccnc(CS(=O)c2nc3ccccc3[nH]2)c1C,[940]
1.0,0.0,COCCN=C(O)CN(CCN(CCN(CC(=O)O)CC(O)=NCCOC)CC(=O)O)CC(=O)O,[1463]
1.0,0.0,COCCO,[1464]
1.0,0.0,COCCOC(=O)C1=C(C)N=C(C)C(C(=O)OC(C)C)C1c1cccc([N+](=O)[O-])c1,[893]
1.0,0.0,COCCc1ccc(OCC(O)CNC(C)C)cc1,[717]
1.0,0.0,COCc1c(-c2ccc(F)cc2)c(=CC[C@@H](O)C[C@@H](O)CC(=O)O)c(C(C)C)nc1=C(C)C,[729]
1.0,0.0,CON=C(C(=O)NC1C(=O)N2C(C(=O)O)=C(COC(C)=O)CSC12)c1csc(=N)[nH]1,[853]
1.0,0.0,CON=C(C(=O)NC1C(=O)N2C(C(=O)O)=C(CSc3nc(=O)c(=O)[nH]n3C)CSC12)c1csc(=N)[nH]1,[1378]
1.0,0.0,CON=C(C(=O)NC1C(=O)N2C(C(=O)O)=C(CSc3nnnn3C)CSC12)c1csc(=N)[nH]1,[1384]
1.0,0.0,CON=C(C(=O)NC1C(=O)N2C(C(=O)O)=CCSC12)c1csc(=N)[nH]1,[1417]
1.0,0.0,CON=C(C(O)=NC1C(=O)N2C(C(=O)O)=C(COC(=N)O)CSC12)c1ccco1,[1416]
1.0,0.0,CON=C(C(O)=NC1C(=O)N2C(C(=O)OC(C)OC(C)=O)=C(COC(=N)O)CSC12)c1ccco1,[859]
1.0,0.0,CON=C(C(O)=NC1C(=O)N2C(C(=O)[O-])=C(C[N+]3(C)CCCC3)CSC12)c1csc(=N)[nH]1,[561]
1.0,0.0,CON=C1CN(c2nc3c(cc2F)c(=O)c(C(=O)O)cn3C2CC2)CC1CN,[1418]
1.0,0.0,CO[C@@H]1[C@@H](OC(=N)O)[C@@H](O)[C@H](Oc2ccc3c(=O)c(NC(=O)c4ccc(O)c(CC=C(C)C)c4)c(O)oc3c2C)OC1(C)C,[936]
1.0,0.0,CO[C@@]1(N=C(O)C(C(=O)O)c2ccc(O)cc2)C(=O)N2C(C(=O)O)=C(CSc3nnnn3C)CO[C@@H]21,[1381]
1.0,0.0,CO[C@@]1(N=C(O)CSCC#N)C(=O)N2C(C(=O)O)=C(CSc3nnnn3C)CS[C@@H]21,[1383]
1.0,0.0,CO[C@@]1(N=C(O)Cc2cccs2)C(=O)N2C(C(=O)O)=C(COC(=N)O)CS[C@@H]21,[1419]
1.0,0.0,CO[C@@]1(NC(O)=c2sc(=C(C(N)=O)C(=O)O)s2)C(=O)N2C(C(=O)O)=C(CSc3nnnn3C)CS[C@@H]21,[1382]
0.0,0.0,CO[C@@]12C(=COC(=N)O)c3c(O)c(N)c(C)c(O)c3N1C[C@@H]1N[C@@H]12,"[914, 915]"
1.0,0.0,CO[C@H]1/C=C/O[C@@]2(C)Oc3c(C)c(O)c4c(O)c(c(=CNN5CCN(C)CC5)c(O)c4c3C2=O)=NC(=O)C(C)=CC=CC(C)[C@H](O)[C@@H](C)[C@@H](O)[C@@H](C)[C@H](OC(C)=O)[C@@H]1C,[923]
1.0,0.0,CO[C@H]1/C=C/O[C@@]2(C)Oc3c(C)c(O)c4c(O)c(c(=CNN5CCN(C6CCCC6)CC5)c(O)c4c3C2=O)=NC(=O)C(C)=CC=CC(C)[C@H](O)[C@@H](C)[C@@H](O)[C@@H](C)[C@H](OC(C)=O)[C@@H]1C,[924]
1.0,0.0,CO[C@H]1/C=C/O[C@@]2(C)Oc3c(C)c(O)c4c(O)c(c5c(c4c3C2=O)=NC2(CCN(CC(C)C)CC2)N=5)N=C(O)C(C)=CC=CC(C)[C@H](O)[C@@H](C)[C@@H](O)[C@@H](C)[C@H](OC(C)=O)[C@@H]1C,[925]
1.0,0.0,CO[C@H]1/C=C/O[C@@]2(C)Oc3c(C)c(O)c4c(O)c(c5c(nc6cc(C)ccn65)c4c3C2=O)N=C(O)C(C)=CC=CC(C)[C@H](O)[C@@H](C)[C@@H](O)[C@@H](C)[C@H](OC(C)=O)[C@@H]1C,[1022]
1.0,0.0,CO[C@H]1C[C@H](O[C@@H]2C(C)C(=O)O[C@H](C)[C@H](C)[C@H](OC(C)=O)C(C)C(=O)[C@]3(CO3)C[C@H](C)[C@H](O[C@@H]3O[C@H](C)C[C@H](N(C)C)[C@H]3OC(C)=O)[C@H]2C)O[C@@H](C)[C@@H]1OC(C)=O,[417]
1.0,0.0,CO[C@H]1O[C@@H]2O[C@@]3(C)CC[C@H]4[C@H](C)CC[C@@H]([C@H]1C)[C@@]24OO3,[431]
1.0,0.0,CO[C@H]1O[C@H](COS(=O)(=O)O)[C@@H](O[C@@H]2OC(C(=O)O)[C@@H](O[C@H]3O[C@H](COS(=O)(=O)O)[C@@H](O[C@@H]4OC(C(=O)O)[C@@H](O[C@H]5O[C@H](COS(=O)(=O)O)[C@@H](O)[C@H](O)[C@H]5NS(=O)(=O)O)[C@H](O)[C@H]4O)[C@H](OS(=O)(=O)O)[C@H]3NS(=O)(=O)O)[C@H](O)[C@H]2OS(=O)(=O)O)[C@H](O)[C@H]1NS(=O)(=O)O,[1420]
1.0,0.0,CO[C@]12CC[C@@]3(C[C@@H]1[C@](C)(O)C(C)(C)C)[C@H]1Cc4ccc(O)c5c4[C@@]3(CCN1CC1CC1)[C@H]2O5,[441]
1.0,0.0,CO[Si](C)(C)O[Si](C)(C)C,[1421]
1.0,0.0,COc1c(C/C=C(\C)CCC(=O)O)c(O)c2c(O)occ2c1C,[955]
1.0,0.0,COc1c(C/C=C(\C)CCC(=O)OCCN2CCOCC2)c(O)c2c(O)occ2c1C,"[898, 956]"
1.0,0.0,COc1c(N2CCNC(C)C2)c(F)cc2c(=O)c(C(=O)O)cn(C3CC3)c12,[1029]
1.0,0.0,COc1c(N2C[C@@H]3CCCN[C@@H]3C2)c(F)cc2c(=O)c(C(=O)O)cn(C3CC3)c12,[1433]
1.0,0.0,COc1c2occc2cc2ccc(=O)oc12,[1434]
1.0,0.0,COc1cc(C(C)=O)ccc1OCCCN1CCC(c2noc3cc(F)ccc23)CC1,[801]
1.0,0.0,COc1cc(C(O)=NCc2ccc(OCCN(C)C)cc2)cc(OC)c1OC,[598]
1.0,0.0,COc1cc(C(O)=NS(=O)(=O)c2ccccc2C)ccc1Cc1cn(C)c2ccc(N=C(O)OC3CCCC3)cc12,[1020]
1.0,0.0,COc1cc(C)c(/C=C/C(C)=C/C=CC(C)=CC(=O)O)c(C)c1C,[963]
1.0,0.0,COc1cc(C[C@@H]2c3c(cc(OC)c(OC)c3OC)CC[N+]2(C)CCCOC(=O)CCC(=O)OCCC[N+]2(C)CCc3cc(OC)c(OC)c(OC)c3[C@@H]2Cc2cc(OC)c(OC)c(OC)c2)cc(OC)c1OC,[556]
1.0,0.0,COc1cc(Cc2c[nH]c(=N)[nH]c2=N)cc(OC)c1OC,[1440]
1.0,0.0,COc1cc(N)c(Cl)cc1C(O)=NC1CCN(CCCOc2ccc(F)cc2)CC1OC,[1436]
1.0,0.0,COc1cc(NC(C)CCCN)c2ncccc2c1,[786]
1.0,0.0,COc1cc(NCc2ccc3[nH]c(=N)[nH]c(=N)c3c2C)cc(OC)c1OC,[935]
1.0,0.0,COc1cc([C@@H]2c3cc4c(cc3[C@@H](O[C@@H]3O[C@@H]5COC(c6cccs6)O[C@H]5[C@H](O)[C@H]3O)[C@H]3COC(=O)C23)OCO4)cc(OC)c1O,[1437]
1.0,0.0,COc1cc([C@@H]2c3cc4c(cc3[C@@H](O[C@@H]3O[C@@H]5CO[C@@H](C)O[C@H]5[C@H](O)[C@H]3O)[C@H]3COC(=O)C23)OCO4)cc(OC)c1O,"[439, 440]"
1.0,0.0,COc1cc([C@@H]2c3cc4c(cc3[C@H](O)[C@H]3COC(=O)C23)OCO4)cc(OC)c1OC,[1438]
1.0,0.0,COc1cc2c(Nc3ccc(Br)cc3F)ncnc2cc1OCC1CCN(C)CC1,[622]
1.0,0.0,COc1cc2c(c(OC)c1OC)-c1ccc(OC)c(=O)cc1[C@@H](N=C(C)O)CC2,[819]
1.0,0.0,COc1cc2c(cc1OC)C(=O)C(CC1CCN(Cc3ccccc3)CC1)C2,[1442]
1.0,0.0,COc1cc2c(cc1OC)C1CC(=O)C(CC(C)C)CN1CC2,[747]
1.0,0.0,COc1cc2c(cc1OC)[C@@H](Cc1cc(OC)c(OC)c(OC)c1)[N+](C)(CCCOC(=O)CC/C=C/CCC(=O)OCCC[N+]1(C)CCc3cc(OC)c(OC)cc3[C@H]1Cc1cc(OC)c(OC)c(OC)c1)CC2,[557]
1.0,0.0,COc1cc2c3cc1Oc1cc(ccc1O)C[C@@H]1c4c(cc(OC)c(O)c4Oc4ccc(cc4)C[C@@H]3N(C)CC2)CC[N+]1(C)C,[624]
1.0,0.0,COc1cc2nc(N(C)CCCN=C(O)C3CCCO3)[nH]c(=N)c2cc1OC,[1370]
1.0,0.0,COc1cc2nc(N3CCN(C(=O)C4CCCO4)CC3)[nH]c(=N)c2cc1OC,[1443]
1.0,0.0,COc1cc2nc(N3CCN(C(=O)C4COc5ccccc5O4)CC3)[nH]c(=N)c2cc1OC,[1444]
0.0,0.0,COc1cc2ncnc(Nc3ccc(F)c(Cl)c3)c2cc1OCCCN1CCOCC1,"[1431, 1445]"
1.0,0.0,COc1ccc(-c2ccc3cc(C(=O)O)ccc3c2)cc1C12CC3CC(CC(C3)C1)C2,[1452]
1.0,0.0,COc1ccc(C(=O)CC(=O)c2ccc(C(C)(C)C)cc2)cc1,[684]
1.0,0.0,COc1ccc(C(=O)c2ccccc2)c(O)c1,[1447]
1.0,0.0,COc1ccc(C(CN(C)C)C2(O)CCCCC2)cc1,"[572, 1363]"
1.0,0.0,COc1ccc(C(Cl)=C(c2ccc(OC)cc2)c2ccc(OC)cc2)cc1,[1448]
1.0,0.0,COc1ccc(C2C(=O)c3ccccc3C2=O)cc1,[1449]
1.0,0.0,COc1ccc(CC(C)NCC(O)c2ccc(O)c(N=CO)c2)cc1,[779]
1.0,0.0,COc1ccc(CC2c3cc(OC)c(OC)cc3CC[N+]2(C)CCC(=O)OCCCCCOC(=O)CC[N+]2(C)CCc3cc(OC)c(OC)cc3C2Cc2ccc(OC)c(OC)c2)cc1OC,[558]
1.0,0.0,COc1ccc(CCN(C)CCCC(C#N)(c2ccc(OC)c(OC)c2)C(C)C)cc1OC,[725]
1.0,0.0,COc1ccc(CN(CCN(C)C)c2ccccn2)cc1,[591]
1.0,0.0,COc1ccc(C[C@@H](C)NC[C@H](O)c2ccc(O)c(N=CO)c2)cc1,[507]
1.0,0.0,COc1ccc(C[C@@H]2c3cc(OC)c(OC)cc3CC[N@+]2(C)CCC(=O)OCCCCCOC(=O)CC[N@@+]2(C)CCc3cc(OC)c(OC)cc3[C@H]2Cc2ccc(OC)c(OC)c2)cc1OC,[567]
1.0,0.0,COc1ccc(Cl)cc1C(O)=NCCc1ccc(S(=O)(=O)NC(O)=NC2CCCCC2)cc1,[1451]
1.0,0.0,COc1ccc(O)cc1,[1450]
1.0,0.0,COc1ccc(OC)c(C(O)C(C)N)c1,[657]
1.0,0.0,COc1ccc(OC)c(C(O)CN=C(O)CN)c1,[1446]
1.0,0.0,COc1ccc([C@@H]2Sc3ccccc3N(CCN(C)C)C(=O)C2OC(C)=O)cc1,[831]
1.0,0.0,COc1ccc2c(c1)N(C[C@H](C)CN(C)C)c1ccccc1S2,[403]
1.0,0.0,COc1ccc2c(c1)[C@]13CCCC[C@@H]1[C@H](C2)N(C)CC3,[609]
1.0,0.0,COc1ccc2c(c1)c(CC(=O)O)c(C)n2C(=O)c1ccc(Cl)cc1,[926]
1.0,0.0,COc1ccc2c3c1OC1C(=O)CC[C@@]4(O)[C@@H](C2)N(C)CC[C@]314,[613]
1.0,0.0,COc1ccc2c3c1OC1C(=O)CC[C@H]4[C@@H](C2)N(C)CC[C@]314,[615]
1.0,0.0,COc1ccc2c3c1O[C@H]1C[C@@H](O)C=C[C@@]31CCN(C)C2,"[608, 1398]"
1.0,0.0,COc1ccc2c3c1O[C@H]1[C@@H](O)CC[C@H]4[C@@H](C2)N(C)CC[C@@]341,[611]
1.0,0.0,COc1ccc2cc(C(C)C(=O)O)ccc2c1,[400]
0.0,1.0,COc1ccc2cc(C(C)C(=O)OCCCCO[N+](=O)[O-])ccc2c1,[398]
1.0,0.0,COc1ccc2cc(CCC(C)=O)ccc2c1,[806]
1.0,0.0,COc1ccc2cc1Oc1cc3c(cc1OC)CC[N+](C)(C)[C@H]3Cc1ccc(cc1)Oc1c(OC)c(OC)cc3c1[C@@H](C2)[N+](C)(C)CC3,[559]
1.0,0.0,COc1ccc2nc(S(=O)Cc3ncc(C)c(OC)c3C)[nH]c2c1,[1030]
1.0,0.0,COc1cccc(OC)c1C(O)=NC1C(=O)N2C(C(=O)O)C(C)(C)S[C@H]12,[872]
1.0,0.0,COc1cccc([C@@]2(O)CCCC[C@@H]2CN(C)C)c1,"[570, 1362]"
1.0,0.0,COc1cccc2c(O)c3c(O)c4c(c(O)c3c(O)c12)=C(O[C@H]1C[C@H](N)[C@@H](O)[C@H](C)O1)C[C@](O)(C(=O)CO)C=4,[518]
1.0,0.0,COc1cccc2c(O)c3c(O)c4c(c(O)c3c(O)c12)=C(O[C@H]1C[C@H](N)[C@H](O)[C@H](C)O1)C[C@](O)(C(=O)CO)C=4,"[522, 524]"
1.0,0.0,COc1cccc2c(O)c3c(O)c4c(c(O)c3c(O)c12)=C(O[C@H]1C[C@H](N)[C@H](O)[C@H](C)O1)C[C@](O)(C(C)=O)C=4,"[521, 523]"
1.0,0.0,COc1ccccc1OCC(O)CN1CCN(CC(O)=Nc2c(C)cccc2C)CC1,[1012]
1.0,0.0,COc1ccccc1OCC(O)CO,[1457]
1.0,0.0,COc1ccccc1OCC(O)COC(=N)O,[1458]
1.0,0.0,COc1ccccc1OCCNCC(O)COc1cccc2[nH]c3ccccc3c12,[1459]
1.0,0.0,COc1ccccc1Oc1c(NS(=O)(=O)c2ccc(C(C)(C)C)cc2)nc(-c2ncccn2)nc1OCCO,[686]
1.0,0.0,COc1ccnc(CS(=O)c2nc3ccc(OC(F)F)cc3[nH]2)c1OC,[1460]
1.0,0.0,COc1cnc(NS(=O)(=O)c2ccc(N)cc2)nc1,[1461]
1.0,0.0,COc1nc(=N)[nH]c2c1ncn2[C@@H]1O[C@H](CO)[C@@H](O)[C@@H]1O,[1435]
1.0,0.0,COc1ncnc(NS(=O)(=O)c2ccc(N)cc2)c1OC,[1432]
0.0,0.0,CS(=O)(=O)CCNCc1ccc(-c2ccc3ncnc(Nc4ccc(OCc5cccc(F)c5)c(Cl)c4)c3c2)o1,"[1469, 1470]"
1.0,0.0,CS(=O)(=O)c1ccc(-c2coc(O)c2-c2ccccc2)cc1,[1468]
1.0,0.0,CS(C)=O,[1472]
1.0,0.0,CSCCC(N=C(O)C(Cc1c[nH]c2ccccc12)N=C(O)CCN=C(O)OCC(C)C)C(O)=N[C@@H](CC(=O)O)C(O)=N[C@@H](Cc1ccccc1)C(=N)O,[754]
1.0,0.0,CSCCC(N=C(O)[C@H](Cc1c[nH]c2ccccc12)N=C(O)CN=C(O)[C@@H](N=C(O)[C@H](Cc1ccc(OS(=O)(=O)O)cc1)N=C(O)[C@H](CC(=O)O)N=C(O)[C@H](CCC(=N)O)N=C(O)[C@@H]1CCC(O)=N1)[C@@H](C)O)C(O)=N[C@@H](CC(=O)O)C(O)=N[C@@H](Cc1ccccc1)C(=N)O,[495]
1.0,0.0,CSc1ccc2c(c1)N(CCC1CCCCN1C)c1ccccc1S2,[631]
1.0,0.0,C[C@@H](CN1CC(=O)N=C(O)C1)N1CC(=O)N=C(O)C1,[404]
1.0,0.0,C[C@@H](Cc1ccccc1)N=C(O)C(N)CCCCN,[402]
1.0,0.0,C[C@@H](N)[C@@H](O)c1ccccc1,[497]
1.0,0.0,C[C@@H](NCCCc1cccc(C(F)(F)F)c1)c1cccc2ccccc12,[504]
1.0,0.0,C[C@@H](O)C1C(=O)N2C(C(=O)O)=C(SCCNC=N)C[C@H]12,[496]
1.0,0.0,C[C@@H](O[C@H]1OCCN(Cc2nc(O)n[nH]2)[C@H]1c1ccc(F)cc1)c1cc(C(F)(F)F)cc(C(F)(F)F)c1,[503]
1.0,0.0,C[C@@H](Oc1cc(-c2cnn(C3CCNCC3)c2)cnc1N)c1c(Cl)ccc(F)c1Cl,[502]
1.0,0.0,C[C@@H]1C/C=C/C=C/C=C/C=C/[C@H](OC2O[C@H](C)[C@@H](O)[C@H](N)[C@@H]2O)C[C@@H]2O[C@](O)(C[C@@H](O)C[C@H]3OC3=CCC(=O)O1)C[C@H](O)C2C(=O)O,[415]
1.0,0.0,C[C@@H]1CCN(C(=O)C(CCCNC(=N)N)NS(=O)(=O)c2cccc3c2NC[C@H](C)C3)C(C(=O)O)C1,[436]
1.0,0.0,C[C@@H]1CN(c2c(F)c(N)c3c(=O)c(C(=O)O)cn(C4CC4)c3c2F)C[C@H](C)N1,[437]
1.0,0.0,C[C@@H]1C[C@H]2[C@@H]3CC(F)=C4CC(=O)C=C[C@]4(C)[C@@]3(Cl)[C@@H](O)C[C@]2(C)C1C(=O)COC(=O)C(C)(C)C,[421]
1.0,0.0,C[C@@H]1C[C@H]2[C@@H]3CC(F)=C4CC(=O)C=C[C@]4(C)[C@@]3(F)[C@@H](O)C[C@]2(C)[C@@]1(O)C(=O)COC(=O)C(C)(C)C,[419]
1.0,0.0,C[C@@H]1C[C@H]2[C@@H]3CC(F)=C4CC(=O)C=C[C@]4(C)[C@@]3(F)[C@@H](O)C[C@]2(C)[C@@]1(OC(=O)c1ccco1)C(=O)SCF,[420]
1.0,0.0,C[C@@H]1C[C@H]2[C@@H]3CC=C4CC(=O)C=C[C@]4(C)[C@@]3(Cl)[C@@H](O)C[C@]2(C)[C@@]1(OC(=O)c1ccco1)C(=O)CCl,[423]
1.0,0.0,C[C@@H]1C[C@H]2[C@@H]3CC=C4CC(=O)C=C[C@]4(C)[C@@]3(F)[C@@H](O)C[C@]2(C)C1C(=O)CO,[426]
1.0,1.0,C[C@@H]1C[C@H]2[C@@H]3CC=C4CC(=O)C=C[C@]4(C)[C@@]3(F)[C@@H](O)C[C@]2(C)[C@@]1(O)C(=O)CO,[424]
1.0,0.0,C[C@@H]1C[C@H]2[C@@H]3CC=C4CC(=O)C=C[C@]4(C)[C@@]3(F)[C@@H](O)C[C@]2(C)[C@@]1(O)C(=O)CO[PH](=O)(=O)O,[425]
1.0,0.0,C[C@@H]1O[C@@H]1[PH](=O)(=O)O,[526]
1.0,0.0,C[C@@H]1O[C@@]2(CS1)CN1CCC2CC1,[438]
1.0,0.0,C[C@@H]1[C@H](O)[C@@H](C)/C=C/C=C/C=C/C=C/C=C/C=C/C=C/[C@H](O[C@@H]2O[C@H](C)[C@@H](O)[C@H](N)[C@@H]2O)C[C@@H]2O[C@](O)(C[C@@H](O)C[C@@H](O)[C@H](O)CC[C@@H](O)C[C@@H](O)CC(=O)O[C@H]1C)C[C@H](O)C2C(=O)O,[516]
1.0,0.0,C[C@@]12CCCCC[C@@H](Cc3ccc(O)cc31)[C@@H]2N,[489]
1.0,0.0,C[C@H](/C=C/[C@H](C)C(C)(C)O)[C@H]1CC[C@H]2/C(=C/C=C3C[C@@H](O)C[C@H](O)C3)CCC[C@]12C,[490]
1.0,0.0,C[C@H](CCC(=O)O)[C@H]1CC[C@H]2[C@@H]3[C@@H](O)C[C@@H]4C[C@H](O)CC[C@]4(C)[C@H]3CC[C@]12C,[510]
1.0,0.0,C[C@H](CCC(=O)O)[C@H]1CC[C@H]2[C@@H]3[C@H](O)C[C@@H]4C[C@H](O)CC[C@]4(C)[C@H]3CC[C@]12C,[509]
1.0,0.0,C[C@H](Cc1cc2c(c(C(=N)O)c1)N(CCCO)CC2)NCCOc1ccccc1OCC(F)(F)F,[505]
1.0,0.0,C[C@H](Cc1ccc(O)c(O)c1)[C@@H](C)Cc1ccc(O)c(O)c1,[506]
1.0,0.0,C[C@H](Cn1cnc2c(N)ncnc21)OC[PH](=O)(=O)O,[514]
1.0,0.0,C[C@H](N)Cc1ccccc1,[401]
1.0,0.0,C[C@H](N)[C@H](O)c1ccc(O)c(O)c1,[388]
1.0,0.0,C[C@H](N)[C@H](O)c1cccc(O)c1,[390]
1.0,0.0,C[C@H](NCCc1ccc(O)cc1)[C@H](O)c1ccc(O)cc1,[389]
1.0,0.0,C[C@H](OC(=O)c1ccccc1)C1=CCC23OCCN(C)CC12C[C@@H](O)C12O[C@@]4(O)CC[C@@]1(C)[C@H](CC=C32)C4,[399]
1.0,0.0,C[C@H]1CN(CC(Cc2ccccc2)C(O)=NCC(=O)O)CC[C@@]1(C)c1cccc(O)c1,[540]
1.0,0.0,C[C@H]1COc2c(N3CCN(C)CC3)c(F)cc3c(=O)c(C(=O)O)cn1c23,[543]
1.0,0.0,C[C@H]1C[C@H]2[C@@H]3CC=C4CC(=O)C=C[C@]4(C)C3C(=O)C[C@]2(C)[C@@]1(O)C(=O)CO,[539]
1.0,0.0,C[C@H]1C[C@H]2[C@@H]3CC=C4CC(=O)C=C[C@]4(C)[C@@]3(F)[C@@H](O)C[C@]2(C)[C@@]1(O)C(=O)CO,[536]
1.0,0.0,C[C@H]1C[C@H]2[C@@H]3CC=C4CC(=O)C=C[C@]4(C)[C@@]3(F)[C@@H](O)C[C@]2(C)[C@@]1(OC(=O)c1ccccc1)C(=O)CO,[537]
1.0,0.0,C[C@H]1O[C@@H](O[C@H]2CC[C@@]3(C)[C@H](CC[C@@H]4[C@@H]3C[C@@H](O)[C@]3(C)C(c5coc(O)c5)CC[C@]43O)C2)C[C@H](O)[C@@H]1O[C@H]1C[C@H](O)[C@H](O[C@H]2C[C@H](O)[C@H](O[C@@H]3O[C@H](CO)[C@@H](O)[C@H](O)[C@H]3O)[C@@H](C)O2)[C@@H](C)O1,[413]
1.0,0.0,C[C@H]1O[C@@H](O[C@H]2[C@@H](O)C[C@H](O[C@H]3[C@@H](O)C[C@H](O[C@H]4CC[C@@]5(C)[C@H](CC[C@@H]6[C@@H]5CC[C@]5(C)C(c7coc(O)c7)CC[C@]65O)C4)O[C@@H]3C)O[C@@H]2C)C[C@H](O)[C@@H]1O,[412]
1.0,0.0,C[C@H]1O[C@@H](O[C@H]2[C@@H](O)C[C@H](O[C@H]3[C@@H](O)C[C@H](O[C@H]4CC[C@@]5(C)[C@H](CC[C@@H]6[C@@H]5C[C@@H](O)[C@]5(C)C(c7coc(O)c7)CC[C@]65O)C4)O[C@@H]3C)O[C@@H]2C)C[C@H](O)[C@@H]1O,[411]
1.0,0.0,C[C@H]1O[C@H](O[C@H]2[C@H](O)[C@@H](O)[C@@H](O[C@H]3[C@H](O)[C@@H](O)[C@H](O)O[C@@H]3CO)O[C@@H]2CO)[C@H](O)[C@@H](O)[C@@H]1N[C@H]1C=C(CO)[C@H](O)[C@H](O)[C@H]1O,[410]
1.0,0.0,C[C@](N)(Cc1ccc(O)c(O)c1)C(=O)O,[442]
1.0,0.0,C[C@](N)(Cc1ccc(O)cc1)C(=O)O,[443]
1.0,0.0,C[C@]1(Cn2ccnn2)C(C(=O)O)N2C(=O)C[C@H]2S1(=O)=O,[384]
1.0,0.0,C[C@]1(O)CC[C@H]2[C@@H]3CC=C4CC(=O)CC[C@]4(C)[C@@]3(F)[C@@H](O)C[C@@]21C,[482]
1.0,0.0,C[C@]12C=CC(=O)C=C1C(F)C[C@@H]1[C@@H]2[C@@H](O)C[C@@]2(C)[C@H]1CC[C@]2(O)C(=O)CO,[452]
1.0,1.0,C[C@]12C=CC(=O)C=C1CC[C@@H]1C2C(=O)C[C@@]2(C)[C@H]1CC[C@]2(O)C(=O)CO,[455]
1.0,0.0,C[C@]12C=CC(=O)C=C1CC[C@@H]1[C@@H]2CC[C@]2(C)OC(=O)CC[C@@H]12,[476]
1.0,1.0,C[C@]12C=CC(=O)C=C1CC[C@@H]1[C@@H]2[C@@H](O)C[C@@]2(C)[C@H]1CC[C@]2(O)C(=O)CO,[453]
1.0,0.0,C[C@]12C=CC(=O)C=C1CC[C@H]1[C@@H]3C[C@@H](O)[C@](O)(C(=O)CO)[C@@]3(C)C[C@H](O)[C@@]12F,[449]
1.0,0.0,C[C@]12C=CC(O)=N[C@@H]1CC[C@@H]1[C@@H]2CC[C@]2(C)C(C(O)=Nc3cc(C(F)(F)F)ccc3C(F)(F)F)CC[C@@H]12,"[465, 466]"
1.0,0.0,C[C@]12CC(C=O)C(=O)C[C@@H]1CC[C@@H]1[C@@H]2CC[C@@]2(C)[C@H]1CC[C@]2(C)O,[473]
1.0,0.0,C[C@]12CC=C3C4=C(CCC3[C@@H]1CC[C@@]2(O)CC#N)CC(=O)CC4,[488]
1.0,0.0,C[C@]12CCC(=O)C=C1C1C[C@@H]1[C@H]1[C@@H]3[C@@H]4C[C@@H]4[C@@]4(CCC(=O)O4)[C@@]3(C)CC[C@@H]12,[478]
1.0,0.0,C[C@]12CCC(=O)C=C1CC[C@@H]1[C@@H]2CC[C@@]2(C)[C@H]1CC[C@]2(C)O,[487]
1.0,1.0,C[C@]12CCC(=O)C=C1CC[C@@H]1[C@@H]2[C@@H](O)C[C@@]2(C)[C@H]1CC[C@]2(O)C(=O)CO,[483]
1.0,0.0,C[C@]12CCC(=O)C=C1CC[C@@H]1[C@@H]2[C@@H](O)C[C@@]2(C)[C@H]1CC[C@]2(O)C(=O)COC(=O)CCC(=O)O,[484]
1.0,0.0,C[C@]12CCC(=O)C=C1CC[C@@H]1[C@@H]2[C@@H](O)C[C@@]2(C)[C@H]1CC[C@]2(O)C(=O)COC(=O)CCC1CCCC1,[485]
1.0,0.0,C[C@]12CCC(=O)C=C1CC[C@@H]1[C@@H]2[C@@H](O)C[C@@]2(C)[C@H]1CC[C@]2(O)C(=O)CO[PH](=O)(=O)O,[486]
1.0,0.0,C[C@]12CC[C@@H]3C4=C(CC[C@H]3[C@@H]1CC[C@@H]2OC(=O)CCc1ccccc1)CC(=O)CC4,[469]
1.0,0.0,C[C@]12CC[C@@H]3c4ccc(O)cc4CC[C@H]3[C@@H]1CCC2=O,[462]
1.0,0.0,C[C@]12CC[C@@H]3c4ccc(O)cc4CC[C@H]3[C@@H]1CC[C@@H]2O,[457]
1.0,0.0,C[C@]12CC[C@@H]3c4ccc(O)cc4C[C@@H](CCCCCCCCCS(=O)CCCC(F)(F)C(F)(F)F)[C@H]3[C@@H]1CC[C@@H]2O,[456]
1.0,0.0,C[C@]12CC[C@@H]3c4ccc(OC(=O)N(CCCl)CCCl)cc4CC[C@H]3[C@@H]1CC[C@@H]2O[PH](=O)(=O)O,[458]
1.0,0.0,C[C@]12CC[C@@H]3c4ccc(OS(=O)(=O)O)cc4CC[C@H]3[C@@H]1CCC2=O,[463]
1.0,0.0,C[C@]12CC[C@H]3[C@@H](CC=C4CC(=O)CC[C@@]43C)[C@@H]1CC[C@@H]2O,[468]
1.0,0.0,C[C@]12CC[C@H]3[C@@H](CC[C@@]45OC4C(=O)C(C#N)C[C@]35C)[C@@H]1CC[C@@H]2O,[467]
1.0,0.0,C[C@]12COC(=O)C[C@@H]1CC[C@@H]1[C@@H]2CC[C@@]2(C)[C@H]1CC[C@]2(C)O,[475]
1.0,0.0,C[C@]12Cc3c[nH]nc3C[C@@H]1CC[C@@H]1[C@@H]2CC[C@@]2(C)[C@H]1CC[C@]2(C)O,[474]
1.0,0.0,C[N+](C)(C)CC(=O)[O-],[545]
1.0,0.0,C[N+](C)(C)CCCCCCCCCC[N+](C)(C)C,[547]
1.0,0.0,C[N+](C)(C)CCOC(=N)O,[549]
1.0,0.0,C[N+](C)(C)CCOC(=O)CCC(=O)OCC[N+](C)(C)C,[548]
1.0,0.0,C[N+](C)(C)C[C@H](O)CC(=O)[O-],[544]
1.0,0.0,C[N+](C)(CCCCCC[N+](C)(C)C1c2ccccc2-c2ccccc21)C1c2ccccc2-c2ccccc21,[550]
1.0,0.0,C[N+]1(C)C2CCC1CC(OC(=O)C(O)c1ccccc1)C2,[552]
1.0,0.0,C[N+]1(C)CCC(=C(c2ccccc2)c2ccccc2)CC1,[554]
1.0,0.0,C[N+]1(C)CCC(OC(=O)C(O)(c2ccccc2)C2CCCC2)C1,[555]
1.0,0.0,C[N+]1(C)CCCC(OC(=O)C(O)(c2ccccc2)c2ccccc2)C1,[560]
1.0,0.0,C[N+]1(C)CCN(CC(O)(c2ccccc2)C2CCCCC2)CC1,[563]
1.0,0.0,C[N+]1(C)[C@@H]2CC(OC(=O)C(O)(c3cccs3)c3cccs3)C[C@H]1[C@@H]1O[C@@H]12,[551]
1.0,0.0,C[N+]1(CC2CC2)CC[C@]23c4c5ccc(O)c4OC2C(=O)CC[C@@]3(O)[C@H]1C5,[553]
1.0,0.0,C[N+]1(CCCCC[N+]2(C)CCCC2)CCCC1,[562]
1.0,0.0,C[N+]12CCC(CC1)C(OC(=O)C(O)(c1ccccc1)c1ccccc1)C2,[564]
0.0,1.0,Cc1[nH]c2ccccc2c1CCNCc1ccc(/C=C/C(O)=NO)cc1,[927]
1.0,0.0,Cc1[nH]oc(=NS(=O)(=O)c2ccc(N)cc2)c1C,[946]
1.0,0.0,Cc1c(-c2ccccc2)oc2c(C(=O)OCCN3CCCCC3)cccc2c1=O,[948]
1.0,0.0,Cc1c(C(O)=NC(C(O)=N[C@H](C)[C@@H](O)[C@H](C)C(O)=N[C@H](C(O)=NCCc2nc(-c3nc(C(O)=NCCC[S+](C)C)cs3)cs2)[C@@H](C)O)[C@@H](O[C@@H]2O[C@@H](CO)[C@@H](O)[C@H](O)[C@@H]2O[C@H]2O[C@H](CO)[C@@H](O)[C@H](OC(=N)O)[C@@H]2O)c2cnc[nH]2)nc([C@H](CC(=N)O)NC[C@H](N)C(=N)O)[nH]c1=N,[943]
1.0,0.0,Cc1c(C)c2c(c(C)c1O)CCC(C)(COc1ccc(Cc3sc(O)nc3O)cc1)O2,[922]
1.0,0.0,Cc1c(C)c2c(c(C)c1O)CC[C@@](C)(CCC[C@H](C)CCC[C@H](C)CCCC(C)C)O2,[921]
1.0,0.0,Cc1c(F)c(N2CCNC(C)C2)cc2c1c(=O)c(C(=O)O)cn2C1CC1,[957]
1.0,0.0,Cc1c(O)cccc1C(O)=N[C@@H](CSc1ccccc1)[C@H](O)CN1C[C@H]2CCCC[C@H]2CC1C(O)=NC(C)(C)C,[937]
1.0,0.0,Cc1c(OCC(F)(F)F)ccnc1CS(=O)c1nc2ccccc2[nH]1,[939]
1.0,0.0,Cc1c(OCC(F)(F)F)ccnc1C[S@@](=O)c1nc2ccccc2[nH]1,[938]
1.0,0.0,Cc1cc(-c2ccc(N=Nc3c(S(=O)(=O)O)cc4cc(S(=O)(=O)O)cc(N)c4c3O)c(C)c2)ccc1N=Nc1c(S(=O)(=O)O)cc2cc(S(=O)(=O)O)cc(N)c2c1O,[934]
1.0,0.0,Cc1cc(=O)c(C(O)=NC(C(O)=NC2C(=O)N3C(C(=O)O)=C(CSc4nnnn4C)CS[C@H]23)c2ccc(O)cc2)c[nH]1,[967]
1.0,0.0,Cc1cc(C#N)cc(C)c1Oc1nc(Nc2ccc(C#N)cc2)nc(N)c1Br,[972]
1.0,0.0,Cc1cc(C(=O)NNCc2ccccc2)no1,[975]
1.0,0.0,Cc1cc(C(C)(C)C)c(O)c(C)c1CC1=NCCN1,[964]
1.0,0.0,Cc1cc(C)c(N=C(O)CN(CC(=O)O)CC(=O)O)c(C)c1Br,[965]
1.0,0.0,Cc1cc(C)cc(OCC2CN=C(O)O2)c1,[970]
1.0,0.0,Cc1cc(C2CCCCC2)n(O)c(=O)c1,[973]
1.0,0.0,Cc1cc(C=CC#N)cc(C)c1N=c1ccnc(Nc2ccc(C#N)cc2)[nH]1,[971]
1.0,0.0,Cc1cc(C=Cc2ccc3cc(N(C)C)ccc3[n+]2C)c(C)n1-c1ccccc1,[968]
1.0,0.0,Cc1cc2c(s1)=Nc1ccccc1NC=2N1CCN(C)CC1,"[984, 985]"
1.0,0.0,Cc1cc2cc3c(C)cc(=O)oc3c(C)c2o1,[977]
1.0,0.0,Cc1cc2nc3c(O)nc(=O)nc-3n(C[C@H](O)[C@H](O)[C@H](O)CO)c2cc1C,[979]
1.0,0.0,Cc1cc2nc3c(O)nc(=O)nc-3n(C[C@H](O)[C@H](O)[C@H](O)CO[PH](=O)(=O)O)c2cc1C,[980]
1.0,1.0,Cc1ccc(-c2cc(C(F)(F)F)nn2-c2ccc(S(N)(=O)=O)cc2)cc1,[997]
1.0,0.0,Cc1ccc(-c2nc3ccc(C)cn3c2CC(=O)N(C)C)cc1,[996]
1.0,0.0,Cc1ccc(-n2[nH]c(C)c(N=Nc3cccc(-c4cccc(C(=O)O)c4)c3O)c2=O)cc1C,[1001]
1.0,0.0,Cc1ccc(/C(=C\CN2CCCC2)c2cccc(/C=C/C(=O)O)n2)cc1,[992]
1.0,0.0,Cc1ccc(/C(=C\CN2CCCC2)c2ccccn2)cc1,[993]
0.0,1.0,Cc1ccc(C(=O)Nc2ccc(CN3CCN(C)CC3)c(C(F)(F)F)c2)cc1C#Cc1cnc2cccnn12,[929]
1.0,0.0,Cc1ccc(C(=O)c2cc(O)c(O)c([N+](=O)[O-])c2)cc1,[994]
1.0,0.0,Cc1ccc(C(=O)c2ccc(CC(=O)O)n2C)cc1,[995]
1.0,0.0,Cc1ccc(C(O)=NC2C(O)=NC(C(C)C)C(=O)N3CCCC3C(=O)N(C)CC(=O)N(C)C(C(C)C)C(=O)OC2C)c2c1Oc1c(C)c(O)c(N)c(C(=O)N=C3C(=O)NC(C(C)C)C(=O)N4CCCC4C(=O)N(C)CC(=O)N(C)C(C(C)C)C(=O)OC3C)c1N2,[991]
1.0,0.0,Cc1ccc(C)c(OCCCC(C)(C)C(=O)O)c1,[989]
1.0,0.0,Cc1ccc(Cl)c(Nc2ccccc2C(=O)O)c1Cl,[990]
1.0,0.0,Cc1ccc(N(CC2=NCCN2)c2cccc(O)c2)cc1,[998]
0.0,1.0,Cc1ccc(NC(=O)c2ccc(CN3CCN(C)CC3)cc2)cc1Nc1nccc(-c2cccnc2)n1,"[931, 932, 1003]"
1.0,0.0,Cc1ccc(Nc2nccc(N(C)c3ccc4c(C)n(C)nc4c3)n2)cc1S(N)(=O)=O,[1004]
1.0,0.0,Cc1ccc(O)c([C@H](CCN(C(C)C)C(C)C)c2ccccc2)c1,[988]
1.0,0.0,Cc1ccc(S(=O)(=O)NC(O)=NN2CCCCCC2)cc1,[999]
0.0,1.0,Cc1cccc(C)c1N(CC(=O)Nc1ccc(-c2ncon2)cc1)C(=O)C1CCS(=O)(=O)CC1,[908]
1.0,0.0,Cc1cccc(C)c1N=C(O)C(C)N,[1008]
1.0,0.0,Cc1cccc(C)c1N=C(O)C1CCCCN1C,[1009]
1.0,0.0,Cc1cccc(C)c1N=C(O)CN(CC(=O)O)CC(=O)O,[1011]
1.0,0.0,Cc1cccc(C)c1OCC(C)N,[1013]
1.0,0.0,Cc1cccc(C)c1OCC(O)=N[C@@H](Cc1ccccc1)[C@@H](O)C[C@H](Cc1ccccc1)N=C(O)C(C(C)C)N1CCCN=C1O,[1014]
1.0,0.0,Cc1cccc(CN2CCN(C(c3ccccc3)c3ccc(Cl)cc3)CC2)c1,[1005]
1.0,0.0,Cc1cccc(N=c2cc[nH]cc2S(=O)(=O)NC(O)=NC(C)C)c1,[1006]
1.0,0.0,Cc1cccc(Nc2ccccc2C(=O)O)c1C,[1007]
1.0,0.0,Cc1ccccc1C(=O)Nc1ccc(C(=O)N2CCCC(O)c3cc(Cl)ccc32)c(C)c1,[1016]
1.0,0.0,Cc1ccccc1C(OCCN(C)C)c1ccccc1,[1015]
1.0,0.0,Cc1ccccc1N1C(=O)c2cc(S(N)(=O)=O)c(Cl)cc2NC1C,[1017]
1.0,0.0,Cc1ccccc1N1CCN(CCc2nnc3n2CCCC3)CC1,[1018]
1.0,0.0,Cc1cccn2c(=O)c(-c3nn[nH]n3)cnc12,[1021]
1.0,0.0,Cc1ccnc(NS(=O)(=O)c2ccc(N)cc2)n1,[1023]
1.0,0.0,Cc1ccnc2c1N=C(O)c1cccnc1N2C1CC1,[1024]
1.0,0.0,Cc1ccsc1C(=CCCN1CCCC(C(=O)O)C1)c1sccc1C,[1025]
0.0,1.0,Cc1cn(-c2cc(N=C(O)c3ccc(C)c(Nc4nccc(-c5cccnc5)n4)c3)cc(C(F)(F)F)c2)cn1,"[930, 1002]"
1.0,0.0,Cc1cn([C@@H]2C[C@@H](O)[C@H](CO)O2)c(=O)nc1O,[1026]
1.0,0.0,Cc1cn([C@H]2C=C[C@@H](CO)O2)c(=O)nc1O,[1028]
1.0,0.0,Cc1cn([C@H]2C[C@H](N=[N+]=[N-])[C@@H](CO)O2)c(=O)nc1O,[1027]
1.0,0.0,Cc1cn[nH]c1,[961]
1.0,0.0,Cc1cnc(C(O)=NCCc2ccc(S(=O)(=O)NC(O)=NC3CCCCC3)cc2)cn1,[1031]
1.0,0.0,Cc1cnc(N=C(O)C2C(=O)c3ccccc3S(=O)(=O)N2C)s1,[1032]
1.0,0.0,Cc1nc(-c2ccc(OCC(C)C)c(C#N)c2)sc1C(=O)O,[950]
0.0,0.0,Cc1nc(Nc2ncc(C(O)=Nc3c(C)cccc3Cl)s2)cc(N2CCN(CCO)CC2)n1,"[909, 1010]"
1.0,0.0,Cc1nc(O)c(C#N)cc1-c1ccncc1,[928]
1.0,0.0,Cc1nc2c([nH]1)-c1ccccc1N(C(=O)c1ccc(NC(=O)c3ccccc3-c3ccccc3)cc1)CC2,[891]
0.0,0.0,Cc1nc2n(c(=O)c1CCN1CCC(c3noc4cc(F)ccc34)CC1)CCCC2,"[919, 920]"
1.0,0.0,Cc1nc2n(c(=O)c1CCN1CCC(c3noc4cc(F)ccc34)CC1)CCCC2O,[918]
1.0,0.0,Cc1nc[nH]c1CN1CCc2c(c3ccccc3n2C)C1=O,[944]
1.0,0.0,Cc1ncc(CO)c(CO)c1O,[901]
1.0,0.0,Cc1ncc(C[n+]2csc(CCO)c2C)c(=N)[nH]1,[951]
1.0,0.0,Cc1ncc([N+](=O)[O-])n1CCO,[1035]
1.0,0.0,Cc1ncc2n1-c1ccc(Cl)cc1C(c1ccccc1F)=NC2,[890]
1.0,0.0,Cc1nccn1CC1CCc2c(c3ccccc3n2C)C1=O,[1036]
1.0,0.0,Cc1nnc(C(=O)NC(C)(C)c2nc(C(O)=NCc3ccc(F)cc3)c(O)c(=O)n2C)o1,[1037]
1.0,0.0,Cc1nnc(NS(=O)(=O)c2ccc(N)cc2)s1,[1038]
1.0,0.0,Cc1nnc(SC=C2CSC3C(N=C(O)Cn4cnnn4)C(=O)N3C2C(=O)O)s1,[1039]
1.0,0.0,Cc1nnc2n1-c1ccc(Cl)cc1C(c1ccccc1)=NC2,[1040]
1.0,0.0,Cc1nnc2n1-c1ccc(Cl)cc1C(c1ccccc1Cl)=NC2,[1041]
1.0,0.0,Cc1onc(-c2c(Cl)cccc2Cl)c1C(O)=NC1C(=O)N2C(C(=O)O)C(C)(C)S[C@H]12,[910]
1.0,0.0,Cc1onc(-c2ccccc2)c1-c1ccc(S(N)(=O)=O)cc1,[912]
1.0,0.0,Cc1onc(-c2ccccc2)c1C(O)=NC1C(=O)N2C(C(=O)O)C(C)(C)S[C@H]12,[911]
1.0,0.0,Cc1onc(-c2ccccc2Cl)c1C(O)=NC1C(=O)N2C(C(=O)O)C(C)(C)S[C@H]12,[913]
1.0,0.0,Cc1oncc1C(=O)Nc1ccc(C(F)(F)F)cc1,[941]
1.0,0.0,ClCC1CO1,[125]
1.0,0.0,Cl[C@H]1[C@H](Cl)[C@@H](Cl)[C@@H](Cl)[C@H](Cl)[C@H]1Cl,[0]
1.0,0.0,Clc1cc(Cl)c(OCC#CI)cc1Cl,[106]
1.0,0.0,Clc1ccc(C(Cn2ccnc2)OCc2ccsc2Cl)c(Cl)c1,[156]
1.0,0.0,Clc1ccc(C(Cn2ccnc2)OCc2csc3c(Cl)cccc23)c(Cl)c1,[230]
1.0,0.0,Clc1ccc(C(c2ccccc2Cl)C(Cl)Cl)cc1,[235]
1.0,0.0,Clc1ccc(CCC(Cn2ccnc2)Sc2c(Cl)cccc2Cl)cc1,[143]
1.0,0.0,Clc1ccc(COC(Cn2ccnc2)c2ccc(Cl)cc2Cl)c(Cl)c1,[159]
1.0,0.0,Clc1ccc(COC(Cn2ccnc2)c2ccc(Cl)cc2Cl)cc1,[196]
1.0,0.0,Clc1ccc(CON=C(Cn2ccnc2)c2ccc(Cl)cc2Cl)c(Cl)c1,[158]
1.0,0.0,Clc1ccc(CSC(Cn2ccnc2)c2ccc(Cl)cc2Cl)cc1,[197]
0.0,1.0,Clc1ccc(Nc2nnc(Cc3ccncc3)c3ccccc23)cc1,[315]
1.0,0.0,Clc1ccc2c(c1)C(N1CCNCC1)=Nc1ccccc1O2,[307]
1.0,0.0,Clc1ccc2c(c1)C(c1ccccc1)=NCc1nncn1-2,[282]
1.0,0.0,Clc1ccc2c(c1)CCc1cccnc1C2=C1CCNCC1,[231]
1.0,0.0,Clc1ccc2nsnc2c1NC1=NCCN1,[147]
1.0,0.0,Clc1cccc(Cl)c1NC1=NCCN1,[142]
1.0,0.0,Clc1ccccc1C(c1ccccc1)(c1ccccc1)n1ccnc1,[255]
1.0,0.0,Clc1ccccc1CN1CCc2sccc2C1,[241]
1.0,0.0,Cn1c(=O)c2c(ncn2C)n(C)c1=O,[1406]
1.0,0.0,Cn1c(=O)c2c(ncn2CC(O)CO)n(C)c1=O,[1391]
1.0,0.0,Cn1c(=O)c2nc[nH]c2n(C)c1=O,[1390]
0.0,1.0,Cn1c(=O)n(-c2ccc(C(C)(C)C#N)cc2)c2c3cc(-c4cnc5ccccc5c4)ccc3ncc21,[665]
1.0,0.0,Cn1c(CCCC(=O)O)nc2cc(N(CCCl)CCCl)ccc21,"[1392, 1395]"
1.0,0.0,Cn1c(O)cc(-c2ccccc2)c1O,[1386]
1.0,0.0,Cn1ccnc1S,[1400]
0.0,1.0,Cn1cnc([N+](=O)[O-])c1C[N+](C)(C)C=CCC(O)=Nc1cc2c(Nc3ccc(Cl)c(Br)c3)ncnc2cn1,[1404]
1.0,0.0,Cn1cnc([N+](=O)[O-])c1Sc1ncnc2[nH]cnc12,[1405]
0.0,1.0,Cn1cncc1[C@@](N)(c1ccc(Cl)cc1)c1ccc2c(c1)c(-c1cccc(Cl)c1)cc(=O)n2C,[1407]
1.0,1.0,Cn1nnc2c(C(N)=O)ncn2c1=O,[1387]
1.0,0.0,Cn1nnnc1SC=C1CSC2C(N=C(O)C(O)c3ccccc3)C(=O)N2C1C(=O)O,[1385]
1.0,0.0,FC(F)(F)C(Cl)Br,[42]
1.0,0.0,FC(F)(F)C(F)(F)C(F)(F)C(F)(F)C(F)(F)C(F)(F)C(F)(F)C(F)(F)Br,[32]
1.0,0.0,FC(F)(F)C(F)(F)C(F)(F)C(F)(F)C(F)(F)C(F)(F)F,[33]
1.0,0.0,FC(F)(F)C(F)(F)C(F)(F)F,[41]
1.0,0.0,FC(F)=C(F)F,[45]
1.0,0.0,FC(F)OC(Cl)C(F)(F)F,[43]
1.0,0.0,FC(F)OC(F)(F)C(F)Cl,[48]
1.0,0.0,FC(F)OC(F)C(F)(F)F,[44]
1.0,0.0,FCOC(C(F)(F)F)C(F)(F)F,[73]
1.0,0.0,Fc1ccc([C@@H]2CCNC[C@H]2COc2ccc3c(c2)OCO3)cc1,[174]
1.0,0.0,Fc1ccccc1C1=NCC(=S)N(CC(F)(F)F)c2ccc(Cl)cc21,[240]
1.0,0.0,N#CC(CCN1CCC(C(=O)O)(c2ccccc2)CC1)(c1ccccc1)c1ccccc1,[272]
1.0,0.0,N#C[C@@H]1C[C@@H]2C[C@@H]2N1C(=O)C(N)C12CC3CC(CC(O)(C3)C1)C2,[86]
1.0,0.0,N#Cc1cc(NC(=O)C(=O)O)c(Cl)c(NC(=O)C(=O)O)c1,[118]
1.0,1.0,N#Cc1ccc(C(c2ccc(C#N)cc2)n2cncn2)cc1,[177]
1.0,0.0,N#Cc1ccc2[nH]cc(CCCCN3CCN(c4ccc5oc(C(=N)O)cc5c4)CC3)c2c1,[224]
1.0,0.0,N=C(N)N,[31]
1.0,0.0,N=C(N)N=C(O)Cc1c(Cl)cccc1Cl,[139]
1.0,0.0,N=C(N)N=C(O)c1nc(Cl)c(N)nc1N,[78]
1.0,0.0,N=C(N)NCC1COC2(CCCCC2)O1,[306]
1.0,0.0,N=C(N)NCCCC(N)C(=O)O,[50]
1.0,0.0,N=C(N)NCCCC(N)C(O)=NC(CCCNC(=N)N)C(=O)N1CCCC1C(=O)N1C[C@H](O)CC1C(O)=NCC(O)=N[C@@H](Cc1cccs1)C(O)=N[C@@H](CO)C(=O)N1Cc2ccccc2CC1C(=O)N1C(C(O)=N[C@@H](CCCNC(=N)N)C(=O)O)C[C@@H]2CCCC[C@@H]21,[326]
1.0,0.0,N=C(N)NCCN1CCCCCCC1,[336]
1.0,0.0,N=C(N)NCc1cccc([131I])c1,[172]
1.0,0.0,N=C(N)Nc1nc(CSCCC(=N)NS(N)(=O)=O)cs1,[123]
1.0,0.0,N=C(N)O,[71]
1.0,0.0,N=C(N)c1ccc(C=Cc2ccc(C(=N)N)cc2O)cc1,[2]
1.0,0.0,N=C(N)c1ccc(OCCCCCOc2ccc(C(=N)N)cc2)cc1,[3]
1.0,0.0,N=C(NCCCCCCNC(=N)NC(=N)Nc1ccc(Cl)cc1)NC(=N)Nc1ccc(Cl)cc1,[201]
1.0,0.0,N=C(O)C(c1ccccc1)(c1ccccc1)[C@@H]1CCN(CCc2ccc3c(c2)CCO3)C1,[253]
1.0,0.0,N=C(O)C1CCCN1C(=O)C(Cc1cnc[nH]1)NC(O)c1ccc(O)[nH]1,[100]
1.0,0.0,N=C(O)CCC(N)C(=O)O,[59]
1.0,0.0,N=C(O)CCC1N=C(O)C(Cc2ccccc2)N=C(O)C(Cc2ccc(O)cc2)N=C(O)C(N)CSSCC(C(=O)N2CCCC2C(O)=NC(CCCCN)C(O)=NCC(=N)O)N=C(O)C(CC(=N)O)N=C1O,[288]
1.0,0.0,N=C(O)CCC1N=C(O)C(Cc2ccccc2)N=C(O)C(Cc2ccc(O)cc2)N=C(O)C(N)CSSCC(C(=O)N2CCCC2C(O)=NC(CCCNC(=N)N)C(O)=NCC(=N)O)N=C(O)C(CC(=N)O)N=C1O,[287]
1.0,0.0,N=C(O)CC[C@@H]1N=C(O)[C@H](Cc2ccccc2)N=C(O)[C@H](Cc2ccc(O)cc2)N=C(O)CCSSC[C@@H](C(=O)N2CCC[C@H]2C(O)=NC(CCCNC(=N)N)C(O)=NCC(=N)O)N=C(O)[C@H](CC(=N)O)N=C1O,[283]
1.0,0.0,N=C(O)CS(=O)C(c1ccccc1)c1ccccc1,[257]
1.0,0.0,N=C(O)C[S@@](=O)C(c1ccccc1)c1ccccc1,[256]
1.0,0.0,N=C(O)Cc1cccc(C(=O)c2ccccc2)c1N,[266]
1.0,0.0,N=C(O)N/N=C/c1ccc([N+](=O)[O-])o1,[216]
1.0,0.0,N=C(O)N1c2ccccc2C=Cc2ccccc21,[329]
1.0,0.0,N=C(O)N1c2ccccc2CC(=O)c2ccccc21,[327]
1.0,0.0,N=C(O)N=C(O)Cc1ccccc1,[285]
1.0,0.0,N=C(O)N=CC1N=C(O)C(CN=C(O)C[C@@H](N)CCCN)N=C(O)[C@H](CO)N=C(O)[C@@H](N)CN=C(O)[C@H]([C@H]2CCNC(=N)N2)N=C1O,[135]
1.0,0.0,N=C(O)N=CC1N=C(O)[C@H](CO)N=C(O)[C@H](CO)N=C(O)C(N=C(O)C[C@@H](N)CCCN)CN=C(O)[C@H]([C@H]2C[C@H](O)NC(=N)N2)N=C1O,[85]
1.0,0.0,N=C(O)NO,[72]
1.0,0.0,N=C(O)OCC(COC(=N)O)c1ccccc1,[263]
1.0,0.0,N=C(O)OCC(O)COc1ccc(Cl)cc1,[204]
1.0,0.0,N=C(O)c1cccnc1,[207]
1.0,0.0,N=C(O)c1cn(Cc2c(F)cccc2F)nn1,[144]
1.0,0.0,N=C(O)c1cnccn1,[356]
1.0,0.0,N=C1NCC2c3ccccc3Cc3ccccc3N12,[328]
1.0,0.0,N=c1[nH]c(C(CCC(=O)O)C(=O)N=C2C(=O)N3C(C(=O)O)=CCSC23)cs1,[124]
1.0,0.0,N=c1[nH]c(N2CCCCC2)cc(N)[n+]1[O-],[99]
1.0,0.0,N=c1[nH]c(O)c(-c2ccccc2)o1,[274]
1.0,0.0,N=c1[nH]c(O)ncc1F,[102]
1.0,0.0,N=c1[nH]c2ccc(OC(F)(F)F)cc2s1,[228]
1.0,0.0,N=c1[nH]c2nc(=N)c(-c3ccccc3)nc-2c(N)[nH]1,[273]
1.0,0.0,N=c1c2c([nH]c3ccccc13)CCCC2,[313]
1.0,0.0,N=c1cc[nH]cc1,[136]
1.0,0.0,N=c1ccc(N=Nc2ccccc2)c(N)[nH]1,[245]
1.0,0.0,N=c1ccn(C[C@@H](CO)OC[PH](=O)(=O)O)c(O)n1,[349]
1.0,0.0,N=c1ccn([C@@H]2CS[C@H](CO)O2)c(O)n1,[344]
1.0,1.0,N=c1ccn([C@@H]2O[C@H](CO)[C@@H](O)C2(F)F)c(O)n1,"[346, 347]"
1.0,1.0,N=c1ccn([C@@H]2O[C@H](CO)[C@@H](O)[C@@H]2O)c(O)n1,[345]
1.0,0.0,N=c1ccn([C@H]2CC[C@@H](CO)O2)c(O)n1,[348]
0.0,0.0,N=c1nc(O)c2c(CCc3ccc(C(=O)NC(CCC(=O)O)C(=O)O)cc3)c[nH]c2[nH]1,"[192, 193]"
0.0,1.0,N=c1nc(O)c2c([nH]1)NCC(CNc1ccc(C(=O)NC(CCC(=O)O)C(=O)O)cc1)N2C=O,"[121, 122, 181]"
1.0,0.0,N=c1nc(O)c2c([nH]1)NC[C@H](CNc1ccc(C(=O)NC(CCC(=O)O)C(=O)O)cc1)N2C=O,[180]
1.0,0.0,N=c1nc(O)c2nc(CNc3ccc(C(=O)NC(CCC(=O)O)C(=O)O)cc3)cnc2[nH]1,[182]
1.0,0.0,N=c1nc(O)c2ncn(CCC(CO)CO)c2[nH]1,[376]
1.0,0.0,N=c1nc(O)c2ncn(COC(CO)CO)c2[nH]1,[382]
1.0,0.0,N=c1nc(O)c2ncn(COCCO)c2[nH]1,[377]
1.0,0.0,N=c1nc(O)n([C@@H]2CS[C@H](CO)O2)cc1F,[108]
1.0,0.0,N=c1nc(S)c2nc[nH]c2[nH]1,"[97, 370]"
1.0,0.0,N=c1nc2c(ncn2[C@H]2C=C[C@@H](CO)C2)c(NC2CC2)[nH]1,[378]
0.0,1.0,N=c1nc2ncc(CNc3ccc(C(=O)NC(CCCN=C(O)c4ccccc4C(=O)O)C(=O)O)cc3)nc2c(N)[nH]1,[236]
1.0,0.0,N=c1ncn([C@@H]2O[C@H](CO)[C@@H](O)[C@H]2O)c(O)n1,[367]
1.0,0.0,N=c1ncn([C@H]2C[C@H](O)[C@@H](CO)O2)c(O)n1,"[83, 368]"
1.0,0.0,N=c1nnc(-c2cccc(Cl)c2Cl)c(N)[nH]1,[140]
1.0,0.0,NC(=O)c1ncn([C@@H]2O[C@H](CO)[C@@H](O)[C@H]2O)n1,[369]
1.0,0.0,NC(C(O)=NC1C(=O)N2C(C(=O)O)=C(Cl)CCC12)c1ccccc1,[247]
1.0,0.0,NC(CCC(O)=NC(CSSC[C@H](N=C(O)CC[C@H](N)C(=O)O)C(O)=NCC(=O)O)C(O)=NCC(=O)O)C(=O)O,[60]
1.0,0.0,NC(CO)(CO)CO,[37]
1.0,0.0,NC(CS)C(=O)O,[21]
1.0,0.0,NC(Cc1cc(I)c(Oc2cc(I)c(O)c(I)c2)c(I)c1)C(=O)O,"[116, 117]"
1.0,0.0,NC(Cc1cc(I)c(Oc2ccc(O)c(I)c2)c(I)c1)C(=O)O,[165]
1.0,0.0,NC(Cc1ccc(N(CCCl)CCCl)cc1)C(=O)O,[188]
1.0,0.0,NC(Cc1ccc(O)c(O)c1)C(=O)O,[154]
1.0,0.0,NC(Cc1ccc(O)cc1)C(=O)O,[189]
1.0,0.0,NC12CC3CC(CC(C3)C1)C2,[133]
1.0,0.0,NC1CON=C1O,[94]
1.0,0.0,NCC(=O)CCC(=O)O,[57]
1.0,0.0,NCC(=O)O,[46]
1.0,0.0,NCC(CC(=O)O)c1ccc(Cl)cc1,[178]
1.0,0.0,NCC1(CC(=O)O)CCCCC1,[244]
1.0,0.0,NCC1CCC(C(=O)O)CC1,[84]
1.0,0.0,NCCC(=O)C(O)N[C@@H]1C[C@H](N)[C@@H](O[C@H]2O[C@H](CN)[C@@H](O)[C@H](O)[C@H]2O)[C@H](O)[C@H]1O[C@H]1O[C@H](CO)[C@@H](O)[C@H](N)[C@H]1O,[81]
1.0,0.0,NCCC(O)([PH](=O)(=O)O)[PH](=O)(=O)O,[52]
1.0,0.0,NCCCC(N)(C(=O)O)C(F)F,[54]
1.0,0.0,NCCCC(O)([PH](=O)(=O)O)[PH](=O)(=O)O,[55]
1.0,0.0,NCCCCC(NC(CCc1ccccc1)C(=O)O)C(=O)N1CCCC1C(=O)O,[290]
1.0,0.0,NCCCCCC(=O)O,[61]
1.0,0.0,NCCCNCCS[PH](=O)(=O)O,[53]
1.0,0.0,NCCNCCNCCN,[65]
1.0,0.0,NCCNCCNCCNCCN,[51]
1.0,0.0,NCCS,[68]
1.0,0.0,NCCc1cc[nH]n1,[137]
1.0,0.0,NCCc1ccc(O)c(O)c1,[155]
1.0,0.0,NCCc1cnc[nH]1,[101]
1.0,0.0,NC[C@@H]1O[C@H](O[C@H]2[C@@H](O)[C@H](O[C@@H]3[C@@H](O)[C@H](N)C[C@H](N)[C@H]3O[C@H]3O[C@H](CN)[C@@H](O)[C@H](O)[C@H]3N)O[C@@H]2CO)[C@H](N)[C@@H](O)[C@@H]1O,[88]
1.0,0.0,NC[C@@H]1O[C@H](O[C@H]2[C@@H](O)[C@H](O[C@@H]3[C@@H](O)[C@H](N)C[C@H](N)[C@H]3O[C@H]3O[C@H](CO)[C@@H](O)[C@H](O)[C@H]3N)O[C@@H]2CO)[C@H](N)[C@@H](O)[C@@H]1O,[90]
1.0,0.0,NC[C@H](O)c1ccc(O)c(O)c1,[149]
1.0,0.0,NC[C@H]1O[C@H](O[C@H]2[C@H](O)[C@@H](O[C@H]3O[C@H](CO)[C@@H](O)[C@H](N)[C@H]3O)[C@H](N)C[C@@H]2N)[C@H](N)C[C@@H]1O,[80]
1.0,0.0,NC[C@H]1O[C@H](O[C@H]2[C@H](O)[C@@H](O[C@H]3O[C@H](CO)[C@@H](O)[C@H](N)[C@H]3O)[C@H](N)C[C@@H]2N)[C@H](O)[C@@H](O)[C@@H]1O,[89]
1.0,0.0,NCc1ccc(S(N)(=O)=O)cc1,[191]
1.0,0.0,NCc1ccccc1CC(O)=NC1C(=O)N2C(C(=O)O)=C(CSc3nnnn3CC(=O)O)CSC12,[243]
1.0,0.0,NN=c1[nH]ncc2ccccc12,[333]
1.0,0.0,NNC(=O)c1ccncc1,[361]
1.0,0.0,NNCCc1ccccc1,[293]
1.0,0.0,NS(=O)(=O)Cc1noc2ccccc12,[316]
1.0,0.0,NS(=O)(=O)c1cc(C(=O)O)c(NCc2ccco2)cc1Cl,[213]
1.0,0.0,NS(=O)(=O)c1cc(C2(O)N=C(O)c3ccccc32)ccc1Cl,[320]
1.0,0.0,NS(=O)(=O)c1cc(Cl)c(Cl)c(S(N)(=O)=O)c1,[120]
1.0,0.0,NS(=O)(=O)c1cc2c(cc1C(F)(F)F)NC(Cc1ccccc1)NS2(=O)=O,[289]
1.0,0.0,NS(=O)(=O)c1cc2c(cc1Cl)N=C(CSCc1ccccc1)NS2(=O)=O,[299]
1.0,0.0,NS(=O)(=O)c1cc2c(cc1Cl)NC(C(Cl)Cl)NS2(=O)=O,[129]
1.0,0.0,NS(=O)(=O)c1cc2c(cc1Cl)NC(C1CC3C=CC1C3)NS2(=O)=O,[130]
1.0,0.0,NS(=O)(=O)c1cc2c(cc1Cl)NCNS2(=O)=O,[131]
1.0,0.0,N[C@@H](CC(=O)N1CCn2c(nnc2C(F)(F)F)C1)Cc1cc(F)c(F)cc1F,[107]
1.0,0.0,N[C@@H]1CC1c1ccccc1,[277]
1.0,0.0,N[C@@H]1CCCCN(c2c(F)cc3c(=O)c(C(=O)O)cn(C4CC4)c3c2Cl)C1,[128]
1.0,0.0,N[C@@H]1CCCC[C@H]1N,[234]
1.0,0.0,N[C@@H]1[C@H]2CN(c3nc4c(cc3F)c(=O)c(C(=O)O)cn4-c3ccc(F)cc3F)C[C@@H]12,[162]
1.0,0.0,Nc1c(CC(=O)O)cccc1C(=O)c1ccc(Br)cc1,[138]
1.0,0.0,Nc1cc(-c2ccncc2)cnc1O,[362]
1.0,0.0,Nc1cc(Cl)c(NC2=NCCN2)c(Cl)c1,[115]
1.0,0.0,Nc1ccc(C(=O)NCC(=O)O)cc1,[183]
1.0,0.0,Nc1ccc(C(=O)O)c(O)c1,[164]
1.0,0.0,Nc1ccc(C(=O)Oc2ccccc2)c(O)c1,[305]
1.0,0.0,Nc1ccc(O)c(C(=O)O)c1,[163]
1.0,0.0,Nc1ccc(S(=O)(=O)N=c2cc[nH]n2-c2ccccc2)cc1,[300]
1.0,0.0,Nc1ccc(S(=O)(=O)Nc2ccccn2)cc1,[343]
1.0,0.0,Nc1ccc(S(=O)(=O)Nc2ncccn2)cc1,[357]
1.0,0.0,Nc1ccc(S(=O)(=O)c2ccc(N)cc2)cc1,[198]
1.0,0.0,Nc1ccc(S(N)(=O)=O)cc1,[199]
0.0,1.0,Nc1cccc2c1C(=O)N(C1CCC(O)=NC1=O)C2=O,[209]
0.0,1.0,Nc1cccc2c1CN(C1CCC(O)=NC1=O)C2=O,"[211, 218]"
0.0,1.0,Nc1nc(Cl)nc2c1ncn2[C@@H]1O[C@H](CO)[C@@H](O)[C@@H]1F,"[372, 379]"
1.0,0.0,Nc1nc(Cl)nc2c1ncn2[C@H]1C[C@H](O)[C@@H](CO)O1,[381]
0.0,1.0,Nc1nc(F)nc2c1ncn2[C@@H]1O[C@H](CO)[C@@H](O)[C@@H]1O,[373]
0.0,1.0,Nc1nc(F)nc2c1ncn2[C@@H]1O[C@H](CO[PH](=O)(=O)O)[C@@H](O)[C@@H]1O,"[374, 380]"
0.0,1.0,Nc1ncnc2c1ncn2CCOC[P@@]1(=O)OCC[C@@H](c2cccc(Cl)c2)O1,[1471]
1.0,0.0,Nc1ncnc2c1ncn2[C@@H]1O[C@H](CO)[C@@H](O)[C@@H]1O,[366]
1.0,0.0,Nc1ncnc2c1ncn2[C@@H]1O[C@H](CO)[C@@H](O)[C@H]1O,[365]
1.0,0.0,O=C(C(=O)C(O)C(O)C(O)O)C(O)O,[1]
1.0,0.0,O=C(C(=O)C(O)O)C(O)O,[34]
1.0,0.0,O=C(C(O)C(O)C(O)O)[C@H](O)CO,[29]
1.0,0.0,O=C(C(O)CO)C(O)CO,[27]
1.0,0.0,O=C(C1CCCCC1)N1CC(=O)N2CCc3ccccc3C2C1,[332]
1.0,0.0,O=C(CCBr)N1CCN(C(=O)CCBr)CC1,[351]
1.0,0.0,O=C(CCCN1CC=C(n2c(O)nc3ccccc32)CC1)c1ccc(F)cc1,[309]
1.0,0.0,O=C(CCCN1CCC(O)(c2ccc(Cl)cc2)CC1)c1ccc(F)cc1,[179]
1.0,0.0,O=C(CCS)N1CCc2c([nH]c3ccccc23)C1,[324]
1.0,0.0,O=C(CO)N(CCO)c1c(I)c(C(O)=NCC(O)CO)c(I)c(C(O)=NCC(O)CO)c1I,[66]
1.0,0.0,O=C(N=c1c(Cl)c[nH]cc1Cl)c1ccc(OC(F)F)c(OCC2CC2)c1,[152]
1.0,0.0,O=C(NC[C@H]1CN(c2ccc(N3CCOCC3=O)cc2)C(=O)O1)c1ccc(Cl)s1,[200]
1.0,0.0,O=C(O)/C=C/C(=O)O,[49]
1.0,0.0,O=C(O)C(S)C(S)C(=O)O,[35]
1.0,0.0,O=C(O)C1(C(=O)O)CCC1,"[167, 217]"
1.0,0.0,O=C(O)C1=C(CCO)O[C@@H]2CC(=O)N12,[87]
1.0,0.0,O=C(O)C1C(=CSc2nnnn2CS(=O)(=O)O)CSC2C(N=C(O)C(O)c3ccccc3)C(=O)N12,[246]
1.0,0.0,O=C(O)CC(O)(CC(=O)O)C(=O)O,[47]
1.0,0.0,O=C(O)CCC(=O)O,[56]
1.0,0.0,O=C(O)CCC(=O)OC[C@@H](N=C(O)C(Cl)Cl)[C@H](O)c1ccc([N+](=O)[O-])cc1,[176]
1.0,0.0,O=C(O)CCCCCCCC(=O)O,[62]
1.0,0.0,O=C(O)CCCC[C@@H]1SC[C@@H]2N=C(O)N[C@@H]21,[95]
1.0,0.0,O=C(O)CCCN1CCC(O[C@@H](c2ccc(Cl)cc2)c2ccccn2)CC1,[341]
1.0,0.0,O=C(O)CCCO,[58]
1.0,0.0,O=C(O)CCCc1ccc(N(CCCl)CCCl)cc1,[194]
1.0,0.0,O=C(O)CCCc1ccccc1,[291]
1.0,0.0,O=C(O)CCNC(=O)c1ccc(N=Nc2ccc(O)c(C(=O)O)c2)cc1,[184]
1.0,0.0,O=C(O)CCc1nc(-c2ccccc2)c(-c2ccccc2)o1,[276]
1.0,0.0,O=C(O)CN(CCN(CC(=O)O)CC(=O)O)CC(=O)O,[63]
1.0,0.0,O=C(O)CN(CCN(CC(=O)O)CC(=O)O)CCN(CC(=O)O)C(COCc1ccccc1)C(=O)O,[298]
1.0,0.0,O=C(O)CN(CCN(CC(=O)O)CC(=O)O)CCN(CC(=O)O)CC(=O)O,[64]
1.0,0.0,O=C(O)CN1CCN(CC(=O)O)CCN(C(CO)C(O)CO)CCN(CC(=O)O)CC1,[350]
1.0,0.0,O=C(O)CN=C(O)c1ccccc1,[268]
1.0,0.0,O=C(O)COCCN1CCN(C(c2ccccc2)c2ccc(Cl)cc2)CC1,[251]
1.0,0.0,O=C(O)COCCN1CCN([C@H](c2ccccc2)c2ccc(Cl)cc2)CC1,[248]
1.0,0.0,O=C(O)C[C@H](O)C[C@H](O)/C=C/c1c(C2CC2)nc2ccccc2c1-c1ccc(F)cc1,[311]
1.0,0.0,O=C(O)Cc1ccccc1,[284]
1.0,0.0,O=C(O)Cc1ccccc1Nc1c(Cl)cccc1Cl,[242]
1.0,0.0,O=C(O)O,[69]
1.0,0.0,O=C(O)[PH](=O)(=O)O,[70]
1.0,0.0,O=C(O)c1c(I)cc(I)c(N=C(O)CCCCC(O)=Nc2c(I)cc(I)c(C(=O)O)c2I)c1I,[104]
1.0,0.0,O=C(O)c1c(I)cc(I)c(N=C(O)CCOCCOCCOCCOCCC(O)=Nc2c(I)cc(I)c(C(=O)O)c2I)c1I,[105]
1.0,0.0,O=C(O)c1cc(-c2ccc(F)cc2F)ccc1O,[153]
1.0,0.0,O=C(O)c1cc(=O)c2c(OCC(O)COc3cccc4oc(C(=O)O)cc(=O)c34)cccc2o1,[219]
1.0,0.0,O=C(O)c1cc(N=Nc2ccc(O)c(C(=O)O)c2)ccc1O,[148]
1.0,0.0,O=C(O)c1cc(N=Nc2ccc(S(=O)(=O)Nc3ccccn3)cc2)ccc1O,[342]
1.0,0.0,O=C(O)c1cc2ccccc2c(Cc2c(O)c(C(=O)O)cc3ccccc23)c1O,[325]
1.0,0.0,O=C(O)c1ccc(-n2nc(-c3ccccc3O)nc2-c2ccccc2O)cc1,[238]
1.0,0.0,O=C(O)c1ccc(NC(=O)C(Cc2ccc(O)cc2)N=C(O)c2ccccc2)cc1,[267]
1.0,0.0,O=C(O)c1ccccc1,[264]
1.0,0.0,O=C(O)c1ccccc1O,[321]
1.0,0.0,O=C(O)c1cccnc1,[206]
1.0,0.0,O=C(O)c1cn(C2CC2)c2cc(N3CCNCC3)c(F)cc2c1=O,[132]
1.0,0.0,O=C(OC1CC2CC3C[C@H](C1)N2CC3=O)c1c[nH]c2ccccc12,[314]
1.0,0.0,O=C(OC1CC2CCC(C1)[N+]21CCCC1)C(O)(c1ccccc1)c1ccccc1,[254]
1.0,0.0,O=C(OC[C@H]1O[C@@H](OC(=O)c2cc(O)c(O)c(OC(=O)c3cc(O)c(O)c(O)c3)c2)[C@H](OC(=O)c2cc(O)c(O)c(OC(=O)c3cc(O)c(O)c(O)c3)c2)[C@@H](OC(=O)c2cc(O)c(O)c(OC(=O)c3cc(O)c(O)c(O)c3)c2)[C@@H]1OC(=O)c1cc(O)c(O)c(OC(=O)c2cc(O)c(O)c(O)c2)c1)c1cc(O)c(O)c(OC(=O)c2cc(O)c(O)c(O)c2)c1,[119]
1.0,0.0,O=C(OCc1ccccc1)c1ccccc1,[296]
1.0,0.0,O=C(OOC(=O)c1ccccc1)c1ccccc1,[269]
1.0,0.0,O=C(O[C@H]1CN2CCC1CC2)N1CCc2ccccc2[C@@H]1c1ccccc1,[249]
0.0,1.0,O=C(c1ccc(F)c(F)c1Nc1ccc(I)cc1F)N1CC(O)([C@@H]2CCCCN2)C1,[340]
1.0,0.0,O=C(c1ccc(OCCN2CCCCC2)cc1)c1c(-c2ccc(O)cc2)sc2cc(O)ccc12,[185]
0.0,1.0,O=C(c1ccc2nonc2c1)N1CCCCC1,[338]
1.0,0.0,O=C(c1ccccc1)c1ccc2n1CCC2C(=O)O,[265]
1.0,0.0,O=C1C(CC[C@H](O)c2ccc(F)cc2)[C@@H](c2ccc(O)cc2)N1c1ccc(F)cc1,[173]
1.0,0.0,O=C1C(CO)OC(O)C(O)C1O,[26]
1.0,0.0,O=C1C=NC(c2ccccc2Cl)c2cc([N+](=O)[O-])ccc2N1,[239]
1.0,0.0,O=C1CC2(CCCC2)CC(=O)N1CCCCN1CCN(c2ncccn2)CC1,[358]
1.0,0.0,O=C1CCCC(=O)C1C(=O)c1ccc(C(F)(F)F)cc1[N+](=O)[O-],[151]
1.0,0.0,O=C1CCO1,[364]
1.0,0.0,O=C1CC[C@@]2(O)[C@H]3Cc4ccc(O)c5c4[C@@]2(CCN3CC2CC2)C1O5,[170]
1.0,0.0,O=C1CCc2cc(OCCCCc3nnnn3C3CCCCC3)ccc2N1,[229]
1.0,0.0,O=C1CN=C(c2ccccc2)c2cc(Cl)ccc2N1CC(F)(F)F,[280]
1.0,0.0,O=C1CN=C(c2ccccc2)c2cc(Cl)ccc2N1CC1CC1,[281]
1.0,0.0,O=C1N(CO[PH](=O)(=O)O)C(O)=NC1(c1ccccc1)c1ccccc1,[270]
1.0,0.0,O=C1N(Cc2ccccc2)C2C[S+]3CCCC3C2N1Cc1ccccc1,[295]
1.0,0.0,O=C1N=C(O)CCC1N1C(=O)c2ccccc2C1=O,"[210, 319]"
1.0,0.0,O=C1Nc2ccc(Cl)cc2C(c2ccccc2)NC1=O,[279]
1.0,0.0,O=C1Nc2ccc(Cl)cc2C(c2ccccc2Cl)NC1=O,[237]
1.0,0.0,O=C1OC2(c3cc([131I])c(O)c([131I])c3Oc3c2cc([131I])c(O)c3[131I])c2c(Cl)c(Cl)c(Cl)c(Cl)c21,[127]
1.0,0.0,O=C1OC2(c3ccc(O)cc3Oc3cc(O)ccc32)c2ccccc21,[322]
1.0,0.0,O=C1OCCN1/N=C/c1ccc([N+](=O)[O-])o1,[215]
1.0,0.0,O=C1c2cccc3c2[C@H](CCC3)CN1[C@@H]1CN2CCC1CC2,[232]
1.0,0.0,O=C1c2ccccc2C(=O)C1c1ccccc1,[275]
1.0,0.0,O=NN(CCCl)C(O)=NC1CCCCC1,[303]
1.0,1.0,O=P1(N(CCCl)CCCl)NCCCO1,[363]
1.0,1.0,O=P1(NCCCl)OCCCN1CCCl,[354]
0.0,1.0,O=S(=O)(N=C(O)c1ccc(Cl)cc1Cl)c1ccc(Br)s1,[157]
0.0,1.0,O=S(=O)(Nc1ccccc1)c1cccc(/C=C/C(O)=NO)c1,[304]
1.0,0.0,O=S(=O)(O)CCS,[67]
1.0,0.0,O=S(=O)(O)OC[C@H]1O[C@@H](O[C@]2(COS(=O)(=O)O)O[C@H](OS(=O)(=O)O)[C@@H](OS(=O)(=O)O)[C@@H]2OS(=O)(=O)O)[C@H](OS(=O)(=O)O)[C@@H](OS(=O)(=O)O)[C@@H]1OS(=O)(=O)O,[23]
1.0,0.0,O=S(=O)(O)O[C@@H]1[C@@H](OS(=O)(=O)O)[C@H](O[C@@H]2CO[C@@H](O)[C@H](OS(=O)(=O)O)[C@H]2OS(=O)(=O)O)OC[C@H]1O,[91]
1.0,0.0,O=S(O)CNc1ccc(S(=O)(=O)c2ccc(NCS(=O)O)cc2)cc1,[202]
1.0,0.0,O=[N+]([O-])OCC(CO[N+](=O)[O-])O[N+](=O)[O-],[39]
1.0,0.0,O=[N+]([O-])O[C@@H]1CO[C@H]2[C@@H]1OC[C@@H]2O,[79]
1.0,0.0,O=[N+]([O-])O[C@H]1CO[C@H]2[C@@H]1OC[C@H]2O[N+](=O)[O-],[93]
1.0,0.0,O=[N+]([O-])c1ccc(-c2ccc(/C=N/n3cc(O)nc3O)o2)cc1,[187]
1.0,0.0,O=[N+]([O-])c1ccc(/C=N/n2cc(O)nc2O)o1,[214]
1.0,0.0,O=[N+]([O-])c1ccc(N=C(O)c2cc(Cl)ccc2O)c(Cl)c1,[150]
1.0,0.0,O=[N+]([O-])c1ccc([C@@H](O)[C@@H](CO)N=C(O)C(Cl)Cl)cc1,[175]
1.0,0.0,O=[PH](=O)(O)OCC(Cl)(Cl)Cl,[36]
1.0,0.0,O=c1c(Cc2c(O)oc3ccccc3c2=O)c(O)oc2ccccc12,[312]
1.0,0.0,O=c1n(CCCN2CCN(c3cccc(Cl)c3)CC2)nc2ccccn12,[339]
1.0,0.0,O=c1nc(O)c(C(F)(F)F)cn1[C@H]1C[C@H](O)[C@@H](CO)O1,[111]
1.0,0.0,O=c1nc(O)c(F)cn1[C@H]1C[C@H](O)[C@@H](CO)O1,[112]
1.0,0.0,O=c1nc(O)c(I)cn1[C@H]1C[C@H](O)[C@@H](CO)O1,[113]
1.0,0.0,O=c1nc2ccc(Cl)cc2c(-c2ccccc2)nc1C(O)O,[278]
1.0,0.0,OC(=NCC1CCCCN1)c1cc(OCC(F)(F)F)ccc1OCC(F)(F)F,[166]
0.0,1.0,OC(=Nc1cnccc1Cl)N1CCN(Cc2ccc3c(c2)OC(F)(F)O3)CC1,[352]
1.0,0.0,OC(CCCN1CCCCC1)(c1ccccc1)c1ccccc1,[262]
1.0,0.0,OC(CCN1CCCC1)(c1ccccc1)C1CCCCC1,[258]
1.0,0.0,OC(CCN1CCCCC1)(c1ccccc1)C1CC2C=CC1C2,[259]
1.0,0.0,OC(CCN1CCCCC1)(c1ccccc1)C1CCCC1,[260]
1.0,0.0,OC(CCN1CCCCC1)(c1ccccc1)C1CCCCC1,[261]
1.0,0.0,OC(CNCC(O)C1CCc2cc(F)ccc2O1)C1CCc2cc(F)ccc2O1,[227]
1.0,0.0,OC(Cn1cncn1)(Cn1cncn1)c1ccc(F)cc1F,[161]
1.0,0.0,OC(c1cc(C(F)(F)F)nc2c(C(F)(F)F)cccc12)C1CCCCN1,[222]
1.0,0.0,OC1(c2ccc(Cl)cc2)c2ccccc2C2=NCCN21,[323]
1.0,0.0,OC1=CN2Cc3c(ccc(Cl)c3Cl)N=C2N1,[145]
1.0,0.0,OC1=NC(c2ccccc2)(c2ccccc2)C(O)=N1,[271]
1.0,0.0,OC1=Nc2cc(OCCCCN3CCN(c4cccc(Cl)c4Cl)CC3)ccc2CC1,"[141, 212]"
1.0,0.0,OC1=Nc2ccc(Cl)cc2[C@@](C#CC2CC2)(C(F)(F)F)O1,[225]
1.0,0.0,OCC(O)CO,[38]
1.0,0.0,OCC(O)c1oc(O)c(O)c1O,[20]
1.0,0.0,OCC(S)CS,[40]
1.0,0.0,OCCN1CCN(CCCN2c3ccccc3Sc3ccc(C(F)(F)F)cc32)CC1,[334]
1.0,0.0,OCCN1CCN(CCCN2c3ccccc3Sc3ccc(Cl)cc32)CC1,[335]
1.0,0.0,OCCN1C[C@H](O)[C@@H](O)[C@H](O)[C@H]1CO,[82]
1.0,0.0,OCCN=CCNc1ccc(NCCNCCO)c2c(O)c3c(O)ccc(O)c3c(O)c12,"[168, 169]"
1.0,0.0,OCCOCCN1CCN(C(c2ccccc2)c2ccc(Cl)cc2)CC1,[252]
1.0,0.0,OCCOCCN1CCN(C2=Nc3ccccc3Sc3ccccc32)CC1,[310]
1.0,0.0,OC[C@@H](O)[C@@H](O)[C@H](O)[C@@H](O)CO,[30]
1.0,0.0,OC[C@@H](O)[C@@H](O)[C@H](O)[C@H](O)CO,[28]
1.0,0.0,OC[C@@H]1CC[C@H](n2cnc3c(O)ncnc32)O1,[96]
1.0,0.0,OC[C@H]1O[C@@H](O[C@@H]2[C@@H](CO)O[C@](O)(CO)[C@H]2O)[C@H](O)[C@@H](O)[C@H]1O,[22]
1.0,0.0,OC[C@H]1O[C@@H](n2cnc3c2NC=NC[C@H]3O)C[C@@H]1O,[375]
1.0,0.0,OC[C@H]1O[C@@](CO)(O[C@H]2O[C@H](CO)[C@@H](O)[C@H](O)[C@H]2O)[C@@H](O)[C@@H]1O,[25]
1.0,0.0,OC[C@H]1O[C@H](O)[C@H](F)[C@@H](O)[C@@H]1O,[24]
1.0,0.0,OCc1cc(C(O)CNCCCCCCOCCCCc2ccccc2)ccc1O,[292]
1.0,1.0,ON=C(O)CCCCCCC(O)=Nc1ccccc1,[302]
1.0,0.0,O[C@@H]1CO[C@H]2[C@@H]1OC[C@@H]2O,[92]
1.0,0.0,Oc1c(C2=CC[C@@H](c3ccc(Cl)cc3)CC2)c(O)c2ccccc2c1O,[223]
1.0,0.0,Oc1c(Cl)cc(Cl)c(Cl)c1Cc1c(O)c(Cl)cc(Cl)c1Cl,[103]
1.0,0.0,Oc1c(Cl)cc(Cl)c2cccnc12,[220]
1.0,0.0,Oc1c(I)cc(Cl)c2cccnc12,[221]
1.0,0.0,Oc1c2c(c(O)n1C[C@@H]1CCCC[C@H]1CN1CCN(c3nsc4ccccc34)CC1)[C@H]1CC[C@@H]2C1,[317]
1.0,0.0,Oc1cc(Cl)ccc1Oc1ccc(Cl)cc1Cl,[160]
1.0,0.0,Oc1cc2cc(CCN3CCN(c4nsc5ccccc45)CC3)c(Cl)cc2[nH]1,[318]
1.0,0.0,Oc1ccc(C2CNCCc3c2cc(O)c(O)c3Cl)cc1,[186]
1.0,0.0,Oc1ccc(CCCCNC[C@H](O)c2ccc(O)c(O)c2)cc1,[195]
1.0,0.0,Oc1ccc(O)cc1,[203]
1.0,0.0,Oc1ccc(OCc2ccccc2)cc1,[297]
1.0,0.0,Oc1ccc2c3c1O[C@H]1[C@@H](O)CC[C@@]4(O)[C@@H](C2)N(CC2CCC2)CC[C@]314,[171]
1.0,0.0,Oc1cccc2cccnc12,[233]
1.0,0.0,Oc1nc2cc(Cl)ccc2o1,[226]
1.0,0.0,Oc1nc2ccccc2n1C1CCN(CCCC(c2ccc(F)cc2)c2ccc(F)cc2)CC1,[308]
1.0,0.0,Oc1ncc(F)c(O)n1,"[109, 114]"
1.0,0.0,Oc1ncc(N(CCCl)CCCl)c(O)n1,[110]
1.0,0.0,Oc1ncnc2n[nH]cc12,[126]
1.0,0.0,On1ccccc1=S,[337]
1.0,0.0,S=P(N1CC1)(N1CC1)N1CC1,[355]
1.0,0.0,Sc1ncnc2[nH]cnc12,"[98, 371]"
1.0,0.0,[CH2]C(CN=C(O)c1ccccc1OCC(=O)[O-])OC,[1423]
1.0,0.0,[CH2]C(CNC(=N)[O-])OC,[1424]
1.0,0.0,c1cc(-c2nc3c4c(ncc3[nH]2)CCOC4)no1,[134]
1.0,0.0,c1cc(CN2CCCNCCNCCCNCC2)ccc1CN1CCCNCCNCCCNCC1,[190]
1.0,0.0,c1ccc(CC2=NCCN2)cc1,[286]
1.0,0.0,c1ccc(CN(CC2=NCCN2)c2ccccc2)cc1,[294]
1.0,0.0,c1ccc([C@H]2CN3CCSC3=N2)cc1,[250]
1.0,0.0,c1ccc2c(CC3=NCCN3)cccc2c1,[331]
1.0,0.0,c1ccc2c(c1)CCCC2C1=NCCN1,[330]
1.0,0.0,c1cnc2cc3c(cc2n1)[C@@H]1CNC[C@H]3C1,[359]
