aeid,assay_name
2,ACEA_ER_80hr
4,APR_HepG2_CellCycleArrest_1hr
6,APR_HepG2_CellLoss_1hr
8,APR_HepG2_MicrotubuleCSK_1hr
10,APR_HepG2_MitoMass_1hr
12,APR_HepG2_MitoMembPot_1hr
14,APR_HepG2_MitoticArrest_1hr
16,APR_HepG2_NuclearSize_1hr
18,APR_HepG2_P-H2AX_1hr
20,APR_HepG2_p53Act_1hr
22,APR_HepG2_StressKinase_1hr
24,APR_HepG2_CellCycleArrest_24hr
26,APR_HepG2_CellLoss_24hr
28,APR_HepG2_MicrotubuleCSK_24hr
30,APR_HepG2_MitoMass_24hr
32,APR_HepG2_MitoMembPot_24hr
34,APR_HepG2_MitoticArrest_24hr
36,APR_HepG2_NuclearSize_24hr
38,APR_HepG2_P-H2AX_24hr
40,APR_HepG2_p53Act_24hr
42,APR_HepG2_StressKinase_24hr
44,APR_HepG2_CellCycleArrest_72hr
46,APR_HepG2_CellLoss_72hr
48,APR_HepG2_MicrotubuleCSK_72hr
50,APR_HepG2_MitoMass_72hr
52,APR_HepG2_MitoMembPot_72hr
54,APR_HepG2_MitoticArrest_72hr
56,APR_HepG2_NuclearSize_72hr
58,APR_HepG2_P-H2AX_72hr
60,APR_HepG2_p53Act_72hr
72,ATG_E_Box_CIS
73,ATG_E2F_CIS
74,ATG_EGR_CIS
75,ATG_ERE_CIS
76,ATG_Ets_CIS
77,ATG_FoxA2_CIS
62,APR_HepG2_StressKinase_72hr
63,ATG_Ahr_CIS
64,ATG_AP_1_CIS
65,ATG_AP_2_CIS
66,ATG_BRE_CIS
67,ATG_C_EBP_CIS
68,ATG_CMV_CIS
69,ATG_CRE_CIS
78,ATG_FoxO_CIS
79,ATG_GATA_CIS
80,ATG_GLI_CIS
81,ATG_GRE_CIS
82,ATG_HIF1a_CIS
83,ATG_HNF6_CIS
84,ATG_HSE_CIS
85,ATG_IR1_CIS
70,ATG_DR4_LXR_CIS
71,ATG_DR5_RAR_CIS
86,ATG_ISRE_CIS
87,ATG_M_06_CIS
88,ATG_M_19_CIS
89,ATG_M_32_CIS
90,ATG_M_61_CIS
91,ATG_MRE_CIS
92,ATG_Myb_CIS
93,ATG_Myc_CIS
94,ATG_NF_kB_CIS
95,ATG_NFI_CIS
96,ATG_NRF1_CIS
97,ATG_NRF2_ARE_CIS
98,ATG_Oct_MLP_CIS
99,ATG_p53_CIS
100,ATG_Pax6_CIS
101,ATG_PBREM_CIS
102,ATG_PPRE_CIS
103,ATG_PXRE_CIS
104,ATG_RORE_CIS
105,ATG_Sox_CIS
106,ATG_Sp1_CIS
107,ATG_SREBP_CIS
108,ATG_STAT3_CIS
109,ATG_TA_CIS
110,ATG_TAL_CIS
111,ATG_TCF_b_cat_CIS
112,ATG_TGFb_CIS
113,ATG_VDRE_CIS
114,ATG_Xbp1_CIS
115,ATG_AR_TRANS
116,ATG_CAR_TRANS
117,ATG_ERa_TRANS
118,ATG_ERRa_TRANS
119,ATG_ERRg_TRANS
120,ATG_FXR_TRANS
121,ATG_GAL4_TRANS
122,ATG_GR_TRANS
123,ATG_HNF4a_TRANS
124,ATG_Hpa5_TRANS
125,ATG_LXRa_TRANS
126,ATG_LXRb_TRANS
127,ATG_M_06_TRANS
128,ATG_M_19_TRANS
129,ATG_M_32_TRANS
130,ATG_M_61_TRANS
131,ATG_NURR1_TRANS
132,ATG_PPARa_TRANS
133,ATG_PPARd_TRANS
134,ATG_PPARg_TRANS
135,ATG_PXR_TRANS
136,ATG_RARa_TRANS
137,ATG_RARb_TRANS
138,ATG_RARg_TRANS
139,ATG_RORb_TRANS
140,ATG_RORg_TRANS
141,ATG_RXRa_TRANS
142,ATG_RXRb_TRANS
143,ATG_THRa1_TRANS
144,ATG_VDR_TRANS
146,BSK_3C_Eselectin
148,BSK_3C_HLADR
150,BSK_3C_ICAM1
152,BSK_3C_IL8
154,BSK_3C_MCP1
156,BSK_3C_MIG
158,BSK_3C_Proliferation
160,BSK_3C_SRB
162,BSK_3C_Thrombomodulin
164,BSK_3C_TissueFactor
166,BSK_3C_uPAR
168,BSK_3C_VCAM1
170,BSK_3C_Vis
172,BSK_4H_Eotaxin3
174,BSK_4H_MCP1
176,BSK_4H_Pselectin
178,BSK_4H_SRB
180,BSK_4H_uPAR
182,BSK_4H_VCAM1
184,BSK_4H_VEGFRII
186,BSK_BE3C_HLADR
188,BSK_BE3C_IL1a
190,BSK_BE3C_IP10
192,BSK_BE3C_MIG
194,BSK_BE3C_MMP1
196,BSK_BE3C_PAI1
198,BSK_BE3C_SRB
200,BSK_BE3C_TGFb1
202,BSK_BE3C_tPA
204,BSK_BE3C_uPA
206,BSK_BE3C_uPAR
208,BSK_CASM3C_HLADR
210,BSK_CASM3C_IL6
212,BSK_CASM3C_IL8
214,BSK_CASM3C_LDLR
216,BSK_CASM3C_MCP1
218,BSK_CASM3C_MCSF
220,BSK_CASM3C_MIG
222,BSK_CASM3C_Proliferation
224,BSK_CASM3C_SAA
226,BSK_CASM3C_SRB
228,BSK_CASM3C_Thrombomodulin
230,BSK_CASM3C_TissueFactor
232,BSK_CASM3C_uPAR
234,BSK_CASM3C_VCAM1
236,BSK_hDFCGF_CollagenIII
238,BSK_hDFCGF_EGFR
240,BSK_hDFCGF_IL8
242,BSK_hDFCGF_IP10
244,BSK_hDFCGF_MCSF
246,BSK_hDFCGF_MIG
248,BSK_hDFCGF_MMP1
250,BSK_hDFCGF_PAI1
252,BSK_hDFCGF_Proliferation
254,BSK_hDFCGF_SRB
256,BSK_hDFCGF_TIMP1
258,BSK_hDFCGF_VCAM1
260,BSK_KF3CT_ICAM1
262,BSK_KF3CT_IL1a
264,BSK_KF3CT_IP10
266,BSK_KF3CT_MCP1
268,BSK_KF3CT_MMP9
270,BSK_KF3CT_SRB
272,BSK_KF3CT_TGFb1
274,BSK_KF3CT_TIMP2
276,BSK_KF3CT_uPA
278,BSK_LPS_CD40
280,BSK_LPS_Eselectin
282,BSK_LPS_IL1a
284,BSK_LPS_IL8
286,BSK_LPS_MCP1
288,BSK_LPS_MCSF
290,BSK_LPS_PGE2
292,BSK_LPS_SRB
294,BSK_LPS_TissueFactor
296,BSK_LPS_TNFa
298,BSK_LPS_VCAM1
300,BSK_SAg_CD38
302,BSK_SAg_CD40
304,BSK_SAg_CD69
306,BSK_SAg_Eselectin
308,BSK_SAg_IL8
310,BSK_SAg_MCP1
312,BSK_SAg_MIG
314,BSK_SAg_PBMCCytotoxicity
316,BSK_SAg_Proliferation
318,BSK_SAg_SRB
319,NVS_ADME_hCYP19A1
321,NVS_ADME_hCYP1A1
323,NVS_ADME_hCYP1A2
325,NVS_ADME_hCYP1B1
327,NVS_ADME_hCYP2A6
329,NVS_ADME_hCYP2B6
331,NVS_ADME_hCYP2C18
333,NVS_ADME_hCYP2C19
335,NVS_ADME_hCYP2C8
337,NVS_ADME_hCYP2C9
339,NVS_ADME_hCYP2D6
341,NVS_ADME_hCYP2E1
343,NVS_ADME_hCYP2J2
345,NVS_ADME_hCYP3A4
347,NVS_ADME_hCYP3A5
349,NVS_ADME_hCYP4F12
351,NVS_ADME_rCYP1A1
353,NVS_ADME_rCYP1A2
355,NVS_ADME_rCYP2A1
357,NVS_ADME_rCYP2A2
359,NVS_ADME_rCYP2B1
361,NVS_ADME_rCYP2C11
363,NVS_ADME_rCYP2C12
365,NVS_ADME_rCYP2C13
367,NVS_ADME_rCYP2C6
369,NVS_ADME_rCYP2D1
371,NVS_ADME_rCYP2D2
373,NVS_ADME_rCYP2E1
375,NVS_ADME_rCYP3A1
377,NVS_ADME_rCYP3A2
379,NVS_ENZ_hAbl
381,NVS_ENZ_hAChE
383,NVS_ENZ_hACP1
385,NVS_ENZ_hAKT1
387,NVS_ENZ_hAKT2
389,NVS_ENZ_hAKT3
391,NVS_ENZ_hAMPKa1
393,NVS_ENZ_hAurA
395,NVS_ENZ_hBACE
397,NVS_ENZ_hBTK
399,NVS_ENZ_hCASP1
401,NVS_ENZ_hCASP10
403,NVS_ENZ_hCASP2
405,NVS_ENZ_hCASP3
407,NVS_ENZ_hCASP4
409,NVS_ENZ_hCASP5
411,NVS_ENZ_hCASP8
413,NVS_ENZ_hCDK2
415,NVS_ENZ_hCDK6
417,NVS_ENZ_hCHK1
419,NVS_ENZ_hCK1a
421,NVS_ENZ_hCK1D
423,NVS_ENZ_hCK2a2b2
425,NVS_ENZ_hCSF1R
427,NVS_ENZ_hDUSP3
429,NVS_ENZ_hEGFR
431,NVS_ENZ_hElastase
433,NVS_ENZ_hEphA1
435,NVS_ENZ_hEphA2
437,NVS_ENZ_hEphB1
439,NVS_ENZ_hEphB2
441,NVS_ENZ_hES
443,NVS_ENZ_hFGFR1
445,NVS_ENZ_hFGFR3
447,NVS_ENZ_hFyn
449,NVS_ENZ_hGSK3b
451,NVS_ENZ_hHDAC3
453,NVS_ENZ_hHDAC6
455,NVS_ENZ_hIGF1R
457,NVS_ENZ_hIKKa
459,NVS_ENZ_hInsR
461,NVS_ENZ_hIRAK4
463,NVS_ENZ_hJak2
465,NVS_ENZ_hJNK2
467,NVS_ENZ_hLck
469,NVS_ENZ_hLynA
471,NVS_ENZ_hLynB
473,NVS_ENZ_hMAPK1
475,NVS_ENZ_hMAPK11
477,NVS_ENZ_hMAPK3
479,NVS_ENZ_hMAPKAPK2
481,NVS_ENZ_hMAPKAPK5
483,NVS_ENZ_hMARK1
485,NVS_ENZ_hMet
487,NVS_ENZ_hMMP1
489,NVS_ENZ_hMMP13
491,NVS_ENZ_hMMP2
493,NVS_ENZ_hMMP3
495,NVS_ENZ_hMMP7
497,NVS_ENZ_hMMP9
499,NVS_ENZ_hMsk1
501,NVS_ENZ_hNEK2
503,NVS_ENZ_hPAK2
505,NVS_ENZ_hPAK4
507,NVS_ENZ_hPDE10
509,NVS_ENZ_hPDE4A1
511,NVS_ENZ_hPDE5
513,NVS_ENZ_hPI3Ka
515,NVS_ENZ_hPKA
517,NVS_ENZ_hPKCz
519,NVS_ENZ_hPKD2
521,NVS_ENZ_hPPM1A
523,NVS_ENZ_hPPP1CA
525,NVS_ENZ_hPPP2CA
527,NVS_ENZ_hPTEN
529,NVS_ENZ_hPTPN1
531,NVS_ENZ_hPTPN11
533,NVS_ENZ_hPTPN12
535,NVS_ENZ_hPTPN13
537,NVS_ENZ_hPTPN14
539,NVS_ENZ_hPTPN2
541,NVS_ENZ_hPTPN4
543,NVS_ENZ_hPTPN6
545,NVS_ENZ_hPTPN9
547,NVS_ENZ_hPTPRB
549,NVS_ENZ_hPTPRC
551,NVS_ENZ_hPTPRF
553,NVS_ENZ_hPTPRM
555,NVS_ENZ_hRAF1
557,NVS_ENZ_hROCK1
559,NVS_ENZ_hSGK1
561,NVS_ENZ_hSIRT1
563,NVS_ENZ_hSIRT2
565,NVS_ENZ_hSIRT3
567,NVS_ENZ_hSRC
569,NVS_ENZ_hSyk
571,NVS_ENZ_hTie2
573,NVS_ENZ_hTrkA
575,NVS_ENZ_hVEGFR1
577,NVS_ENZ_hVEGFR2
579,NVS_ENZ_hVEGFR3
581,NVS_ENZ_hZAP70
583,NVS_ENZ_oCOX1
585,NVS_ENZ_oCOX2
587,NVS_ENZ_pMTHFR
589,NVS_ENZ_rabI2C
591,NVS_ENZ_rACFSKBinding
593,NVS_ENZ_rAChE
595,NVS_ENZ_rCNOS
597,NVS_ENZ_rCOMT
599,NVS_ENZ_hDYRK1a
601,NVS_ENZ_rMAOAC
603,NVS_ENZ_rMAOAP
605,NVS_ENZ_rMAOBC
607,NVS_ENZ_rMAOBP
609,NVS_GPCR_bAdoR_NonSelective
610,NVS_GPCR_bAT2
611,NVS_GPCR_bDR_NonSelective
612,NVS_GPCR_bH1
613,NVS_GPCR_bNPY_NonSelective
614,NVS_GPCR_g5HT4
615,NVS_GPCR_gANPA
616,NVS_GPCR_gBK2
617,NVS_GPCR_gH2
618,NVS_GPCR_gLTB4
619,NVS_GPCR_gLTD4
620,NVS_GPCR_gMPeripheral_NonSelective
621,NVS_GPCR_gOpiateK
622,NVS_GPCR_h5HT2A
623,NVS_GPCR_h5HT5A
624,NVS_GPCR_h5HT6
625,NVS_GPCR_h5HT7
626,NVS_GPCR_hAdoRA1
627,NVS_GPCR_hAdoRA2a
628,NVS_GPCR_hAdra2A
629,NVS_GPCR_hAdra2C
630,NVS_GPCR_hAdrb1
631,NVS_GPCR_hAdrb2
632,NVS_GPCR_hAdrb3
633,NVS_GPCR_hAT1
634,NVS_GPCR_hC5a
635,NVS_GPCR_hDRD1
636,NVS_GPCR_hDRD2s
637,NVS_GPCR_hDRD4.4
638,NVS_GPCR_hETA
639,NVS_GPCR_hETB
640,NVS_GPCR_hH1
641,NVS_GPCR_hLTB4_BLT1
642,NVS_GPCR_hM1
643,NVS_GPCR_hM2
644,NVS_GPCR_hM3
645,NVS_GPCR_hM4
646,NVS_GPCR_hM5
647,NVS_GPCR_hNK2
648,NVS_GPCR_hNPY1
649,NVS_GPCR_hNPY2
650,NVS_GPCR_hNTS
651,NVS_GPCR_hOpiate_D1
652,NVS_GPCR_hOpiate_mu
653,NVS_GPCR_hORL1
654,NVS_GPCR_hPY2
655,NVS_GPCR_hTXA2
656,NVS_GPCR_hV1A
657,NVS_GPCR_mCCKAPeripheral
658,NVS_GPCR_mCKKBCentral
659,NVS_GPCR_p5HT2C
660,NVS_GPCR_r5HT_NonSelective
661,NVS_GPCR_r5HT1_NonSelective
662,NVS_GPCR_rabPAF
663,NVS_GPCR_rAdra1_NonSelective
664,NVS_GPCR_rAdra1A
665,NVS_GPCR_rAdra1B
666,NVS_GPCR_rAdra2_NonSelective
667,NVS_GPCR_rAdrb_NonSelective
668,NVS_GPCR_rCRF
669,NVS_GPCR_rGABBR
670,NVS_GPCR_rGalanin
671,NVS_GPCR_rGHB
672,NVS_GPCR_rH3
673,NVS_GPCR_rmAdra2B
674,NVS_GPCR_rmMGluR1
675,NVS_GPCR_rmMGluR5
676,NVS_GPCR_rNK1
677,NVS_GPCR_rNK3
678,NVS_GPCR_rNTS
679,NVS_GPCR_rOpiate_NonSelective
680,NVS_GPCR_rOpiate_NonSelectiveNa
681,NVS_GPCR_rOXT
682,NVS_GPCR_rSST
683,NVS_GPCR_rTRH
684,NVS_GPCR_rV1
685,NVS_GPCR_rVIP_NonSelective
686,NVS_IC_hKhERGCh
687,NVS_IC_rCaBTZCHL
688,NVS_IC_rCaChN
689,NVS_IC_rCaDHPRCh_L
690,NVS_IC_rKAR
691,NVS_IC_rKATPCh
692,NVS_IC_rKCaCh
693,NVS_IC_rNaCh_site2
694,NVS_LGIC_bGABAR_Agonist
695,NVS_LGIC_bGABARa1
696,NVS_LGIC_bGABARa5
697,NVS_LGIC_h5HT3
698,NVS_LGIC_hNNR_NBungSens
699,NVS_LGIC_rAMPA
700,NVS_LGIC_rGABAR_NonSelective
701,NVS_LGIC_rGABARa6
702,NVS_LGIC_rGluNMDA_Agonist
703,NVS_LGIC_rGluNMDA_MK801_Agonist
704,NVS_LGIC_rGlyRStrySens
705,NVS_LGIC_rNNR_BungSens
706,NVS_MP_hPBR
707,NVS_MP_rPBR
708,NVS_NR_bER
709,NVS_NR_bPR
710,NVS_NR_cAR
711,NVS_NR_hAR
712,NVS_NR_hCAR_Agonist
713,NVS_NR_hCAR_Antagonist
714,NVS_NR_hER
715,NVS_NR_hFXR_Agonist
716,NVS_NR_hFXR_Antagonist
717,NVS_NR_hGR
718,NVS_NR_hPPARa
719,NVS_NR_hPPARg
720,NVS_NR_hPR
721,NVS_NR_hPXR
722,NVS_NR_hRAR_Antagonist
723,NVS_NR_hRARa_Agonist
724,NVS_NR_hTRa_Antagonist
725,NVS_NR_mERa
726,NVS_NR_rAR
727,NVS_NR_rMR
728,NVS_OR_gSIGMA_NonSelective
729,NVS_OR_hFKBP12
730,NVS_TR_gDAT
731,NVS_TR_hAdoT
732,NVS_TR_hDAT
733,NVS_TR_hNET
734,NVS_TR_hSERT
735,NVS_TR_rAdoT
736,NVS_TR_rNET
737,NVS_TR_rSERT
738,NVS_TR_rVMAT2
739,OT_AR_ARELUC_AG_1440
740,OT_AR_ARSRC1_0480
741,OT_AR_ARSRC1_0960
742,OT_ER_ERaERa_0480
743,OT_ER_ERaERa_1440
744,OT_ER_ERaERb_0480
745,OT_ER_ERaERb_1440
746,OT_ER_ERbERb_0480
747,OT_ER_ERbERb_1440
750,OT_ERa_GFPERaERE_0120
751,OT_ERa_GFPERaERE_0480
753,OT_FXR_FXRSRC1_0480
754,OT_FXR_FXRSRC1_1440
755,OT_NURR1_NURR1RXRa_0480
756,OT_NURR1_NURR1RXRa_1440
757,OT_PPARg_PPARgSRC1_0480
758,OT_PPARg_PPARgSRC1_1440
759,TOX21_AR_BLA_Agonist_ch1
760,TOX21_AR_BLA_Agonist_ch2
761,TOX21_AR_BLA_Agonist_ratio
762,TOX21_AR_BLA_Antagonist_ratio
763,TOX21_AR_BLA_Antagonist_viability
764,TOX21_AR_LUC_MDAKB2_Agonist
765,TOX21_AR_LUC_MDAKB2_Antagonist_10nM_R1881
766,TOX21_AR_LUC_MDAKB2_Antagonist_10nM_R1881_viability
767,TOX21_Aromatase_LUC_Antagonist
768,TOX21_Aromatase_LUC_Antagonist_viability
769,TOX21_AutoFluor_HEK293_Cell_blue
770,TOX21_AutoFluor_HEK293_Cell_green
771,TOX21_AutoFluor_HEK293_Cell_red
772,TOX21_AutoFluor_HEK293_Media_blue
773,TOX21_AutoFluor_HEK293_Media_green
774,TOX21_AutoFluor_HEK293_Media_red
775,TOX21_AutoFluor_HEPG2_Cell_blue
776,TOX21_AutoFluor_HEPG2_Cell_green
777,TOX21_AutoFluor_HEPG2_Cell_red
778,TOX21_AutoFluor_HEPG2_Media_blue
779,TOX21_AutoFluor_HEPG2_Media_green
780,TOX21_AutoFluor_HEPG2_Media_red
781,TOX21_ELG1_LUC_Agonist
782,TOX21_ELG1_LUC_Agonist_viability
783,TOX21_ERa_BLA_Agonist_ch1
784,TOX21_ERa_BLA_Agonist_ch2
785,TOX21_ERa_BLA_Agonist_ratio
786,TOX21_ERa_BLA_Antagonist_ratio
787,TOX21_ERa_BLA_Antagonist_viability
788,TOX21_ERa_LUC_VM7_Agonist
789,TOX21_ERa_LUC_VM7_Antagonist_0.5nM_E2
790,TOX21_ERa_LUC_VM7_Antagonist_0.5nM_E2_viability
791,TOX21_GR_BLA_Agonist_ch1
792,TOX21_GR_BLA_Agonist_ch2
793,TOX21_GR_BLA_Agonist_ratio
794,TOX21_GR_BLA_Antagonist_ratio
795,TOX21_GR_BLA_Antagonist_viability
796,TOX21_MMP_fitc
798,TOX21_MMP_rhodamine
799,TOX21_MMP_viability
800,TOX21_PPARg_BLA_Agonist_ch1
801,TOX21_PPARg_BLA_Agonist_ch2
802,TOX21_PPARg_BLA_Agonist_ratio
803,TOX21_TR_LUC_GH3_Agonist
804,TOX21_TR_LUC_GH3_Antagonist
805,TOX21_TR_LUC_GH3_Antagonist_viability
806,TOX21_AhR_LUC_Agonist
807,TOX21_AhR_LUC_Agonist_viability
891,CEETOX_H295R_11DCORT
893,CEETOX_H295R_OHPREG
895,CEETOX_H295R_OHPROG
897,CEETOX_H295R_ANDR
899,CEETOX_H295R_CORTIC
901,CEETOX_H295R_CORTISOL
905,CEETOX_H295R_DOC
907,CEETOX_H295R_ESTRADIOL
909,CEETOX_H295R_ESTRONE
913,CEETOX_H295R_PROG
915,CEETOX_H295R_TESTO
916,LTEA_HepaRG_ABCB1
918,LTEA_HepaRG_ABCB11
920,LTEA_HepaRG_ABCC2
922,LTEA_HepaRG_ABCC3
924,LTEA_HepaRG_ABCG2
926,LTEA_HepaRG_ACLY
928,LTEA_HepaRG_ACOX1
930,LTEA_HepaRG_ADK
932,LTEA_HepaRG_AFP
1014,LTEA_HepaRG_GADD45G
1016,LTEA_HepaRG_GCLC
1018,LTEA_HepaRG_GCLM
1026,LTEA_HepaRG_GSTA2
1028,LTEA_HepaRG_GSTM3
1030,LTEA_HepaRG_HGF
1032,LTEA_HepaRG_HIF1A
1034,LTEA_HepaRG_HMGCS2
1036,LTEA_HepaRG_HSPA1A
1038,LTEA_HepaRG_ICAM1
1040,LTEA_HepaRG_IGF1
1042,LTEA_HepaRG_IGFBP1
1044,LTEA_HepaRG_IL6
1046,LTEA_HepaRG_IL6R
1048,LTEA_HepaRG_JUN
1050,LTEA_HepaRG_KCNK1
1052,LTEA_HepaRG_KRT19
1054,LTEA_HepaRG_LIPC
1056,LTEA_HepaRG_LPL
1058,LTEA_HepaRG_MIR122
1060,LTEA_HepaRG_MMP10
1062,LTEA_HepaRG_MMP3
1064,LTEA_HepaRG_MYC
1066,LTEA_HepaRG_NFE2L2
934,LTEA_HepaRG_ALPP
936,LTEA_HepaRG_APOA5
938,LTEA_HepaRG_BAD
940,LTEA_HepaRG_BAX
942,LTEA_HepaRG_BCL2
944,LTEA_HepaRG_BCL2L11
946,LTEA_HepaRG_BID
948,LTEA_HepaRG_CASP3
950,LTEA_HepaRG_CASP8
952,LTEA_HepaRG_CAT
1068,LTEA_HepaRG_NFKB1
1070,LTEA_HepaRG_NQO1
1072,LTEA_HepaRG_PDK4
1074,LTEA_HepaRG_PEG10
1076,LTEA_HepaRG_PPP2R4
1078,LTEA_HepaRG_PTEN
1080,LTEA_HepaRG_SDHB
1082,LTEA_HepaRG_SLC22A1
954,LTEA_HepaRG_CCND1
956,LTEA_HepaRG_CCND2
958,LTEA_HepaRG_CDKN1A
960,LTEA_HepaRG_CFLAR
962,LTEA_HepaRG_CYP1A1
964,LTEA_HepaRG_CYP1A2
966,LTEA_HepaRG_CYP24A1
968,LTEA_HepaRG_CYP2B6
1084,LTEA_HepaRG_SLCO1B1
1086,LTEA_HepaRG_STAT3
1088,LTEA_HepaRG_SULT2A1
1090,LTEA_HepaRG_TGFA
1092,LTEA_HepaRG_TGFB1
1094,LTEA_HepaRG_THRSP
1096,LTEA_HepaRG_TIMP1
1098,LTEA_HepaRG_TNFRSF1A
970,LTEA_HepaRG_CYP2C19
972,LTEA_HepaRG_CYP2C8
974,LTEA_HepaRG_CYP2C9
976,LTEA_HepaRG_CYP2E1
978,LTEA_HepaRG_CYP3A4
980,LTEA_HepaRG_CYP3A5
982,LTEA_HepaRG_CYP3A7
984,LTEA_HepaRG_CYP4A11
986,LTEA_HepaRG_CYP4A22
988,LTEA_HepaRG_CYP7A1
990,LTEA_HepaRG_DDIT3
992,LTEA_HepaRG_EGF
994,LTEA_HepaRG_EGR1
996,LTEA_HepaRG_EZR
998,LTEA_HepaRG_FABP1
1000,LTEA_HepaRG_FAS
1002,LTEA_HepaRG_FASN
1004,LTEA_HepaRG_FMO3
1006,LTEA_HepaRG_FOXO1
1008,LTEA_HepaRG_FOXO3
1010,LTEA_HepaRG_GADD45A
1012,LTEA_HepaRG_GADD45B
1100,LTEA_HepaRG_TP53
1102,LTEA_HepaRG_UGT1A1
1104,LTEA_HepaRG_UGT1A6
1106,LTEA_HepaRG_XBP1
1108,TOX21_ARE_BLA_Agonist_ch1
1109,TOX21_ARE_BLA_Agonist_ch2
1110,TOX21_ARE_BLA_Agonist_ratio
1111,TOX21_HSE_BLA_Agonist_ch1
1112,TOX21_HSE_BLA_Agonist_ch2
1113,TOX21_HSE_BLA_Agonist_ratio
1114,TOX21_p53_BLA_p1_ch1
1115,TOX21_p53_BLA_p1_ch2
1116,TOX21_p53_BLA_p1_ratio
1117,TOX21_FXR_BLA_Agonist_ch1
1118,TOX21_FXR_BLA_Agonist_ch2
1119,TOX21_FXR_BLA_Agonist_ratio
1120,TOX21_FXR_BLA_Antagonist_ratio
1121,TOX21_FXR_BLA_Antagonist_viability
1122,TOX21_PPARd_BLA_Agonist_ch1
1123,TOX21_PPARd_BLA_Agonist_ch2
1124,TOX21_PPARd_BLA_Agonist_ratio
1125,TOX21_PPARd_BLA_Antagonist_ratio
1126,TOX21_PPARd_BLA_Antagonist_viability
1127,TOX21_PPARg_BLA_Antagonist_ratio
1128,TOX21_PPARg_BLA_Antagonist_viability
1129,TOX21_VDR_BLA_Agonist_ch1
1130,TOX21_VDR_BLA_Agonist_ch2
1131,TOX21_VDR_BLA_Agonist_ratio
1132,TOX21_VDR_BLA_Antagonist_ratio
1133,TOX21_VDR_BLA_Antagonist_viability
1134,TOX21_DT40_LUC
1136,LTEA_HepaRG_LDH_cytotoxicity
1185,TOX21_ARE_BLA_agonist_viability
1186,TOX21_HSE_BLA_agonist_viability
1187,TOX21_p53_BLA_p1_viability
1188,TOX21_FXR_BLA_agonist_viability
1189,TOX21_ERa_BLA_Antagonist_ch1
1190,TOX21_ERa_BLA_Antagonist_ch2
1191,TOX21_FXR_BLA_Antagonist_ch1
1192,TOX21_FXR_BLA_Antagonist_ch2
1193,TOX21_GR_BLA_Antagonist_ch1
1194,TOX21_GR_BLA_Antagonist_ch2
1195,TOX21_PPARd_BLA_Agonist_viability
1196,TOX21_PPARd_BLA_Antagonist_ch1
1197,TOX21_PPARd_BLA_Antagonist_ch2
1198,TOX21_PPARg_BLA_Antagonist_ch1
1199,TOX21_PPARg_BLA_Antagonist_ch2
1200,TOX21_VDR_BLA_Antagonist_ch1
1201,TOX21_VDR_BLA_Antagonist_ch2
1202,TOX21_AR_BLA_Antagonist_ch1
1203,TOX21_AR_BLA_Antagonist_ch2
1204,ATG_XTT_Cytotoxicity
1315,TOX21_p53_BLA_p2_ch1
1316,TOX21_p53_BLA_p2_ch2
1317,TOX21_p53_BLA_p2_ratio
1318,TOX21_p53_BLA_p2_viability
1319,TOX21_p53_BLA_p3_ch1
1320,TOX21_p53_BLA_p3_ch2
1321,TOX21_p53_BLA_p3_ratio
1322,TOX21_p53_BLA_p3_viability
1323,TOX21_p53_BLA_p4_ch1
1324,TOX21_p53_BLA_p4_ch2
1325,TOX21_p53_BLA_p4_ratio
1326,TOX21_p53_BLA_p4_viability
1327,TOX21_p53_BLA_p5_ch1
1328,TOX21_p53_BLA_p5_ch2
1329,TOX21_p53_BLA_p5_ratio
1330,TOX21_p53_BLA_p5_viability
1331,TOX21_VDR_BLA_Agonist_viability
1340,TOX21_ESRE_BLA_Agonist_ch1
1341,TOX21_ESRE_BLA_Agonist_ch2
1342,TOX21_ESRE_BLA_Agonist_ratio
1343,TOX21_ESRE_BLA_Agonist_viability
1344,TOX21_NFkB_BLA_agonist_ch1
1345,TOX21_NFkB_BLA_agonist_ch2
1346,TOX21_NFkB_BLA_agonist_ratio
1347,TOX21_NFkB_BLA_agonist_viability
1348,ATG_NUR77_TRANS2
1349,ATG_GCNF_TRANS2
1350,ATG_COUP_TF2_TRANS2
1392,LTEA_HepaRG_KLK3
1394,LTEA_HepaRG_SLC10A1
1396,LTEA_HepaRG_MMP1
1398,LTEA_HepaRG_CYP24A1_1
1507,CCTE_Padilla_ZF_144hpf_TERATOSCORE
1508,CCTE_Simmons_AUR_TPO
1509,CCTE_Simmons_CellTiterGLO_HEK293T
1611,CLD_ABCB1_6hr
1612,CLD_ABCB11_6hr
1613,CLD_ABCG2_6hr
1614,CLD_ACTIN_6hr
1615,CLD_CYP1A1_6hr
1616,CLD_CYP1A2_6hr
1617,CLD_CYP2B6_6hr
1618,CLD_CYP2C19_6hr
1351,ATG_PNR_TRANS2
1352,ATG_LRH1_TRANS2
1353,ATG_Rev_ERB_A_TRANS2
1354,ATG_HNF4g_TRANS2
1355,ATG_ERRb_TRANS2
1356,ATG_MR_TRANS2
1357,ATG_COUP_TF1_TRANS2
1619,CLD_CYP2C9_6hr
1620,CLD_CYP3A4_6hr
1621,CLD_GAPDH_6hr
1622,CLD_GSTA2_6hr
1623,CLD_HMGCS2_6hr
1624,CLD_SLCO1B1_6hr
1625,CLD_SULT2A_6hr
1626,CLD_UGT1A1_6hr
1358,ATG_NOR1_TRANS2
1359,ATG_TR4_TRANS2
1360,ATG_DAX1_TRANS2
1361,ATG_Rev_ERB_B_TRANS2
1362,ATG_RORa_TRANS2
1363,ATG_PR_TRANS2
1364,ATG_RXRg_TRANS2
1365,ATG_SF_1_TRANS2
1627,CLD_ABCB1_24hr
1628,CLD_ABCB11_24hr
1629,CLD_ABCG2_24hr
1630,CLD_ACTIN_24hr
1631,CLD_CYP1A1_24hr
1632,CLD_CYP1A2_24hr
1633,CLD_CYP2B6_24hr
1634,CLD_CYP2C19_24hr
1635,CLD_CYP2C9_24hr
1636,CLD_CYP3A4_24hr
1637,CLD_GAPDH_24hr
1638,CLD_GSTA2_24hr
1639,CLD_HMGCS2_24hr
1640,CLD_SLCO1B1_24hr
1641,CLD_SULT2A_24hr
1642,CLD_UGT1A1_24hr
1643,CLD_ABCB1_48hr
1366,ATG_SHP_TRANS2
1367,ATG_ERb_TRANS2
1368,ATG_TLX_TRANS2
1369,ATG_THRb_TRANS2
1370,ATG_EAR2_TRANS2
1371,ATG_TR2_TRANS2
1372,Tanguay_ZF_120hpf_MORT_legacy
1373,Tanguay_ZF_120hpf_YSE_legacy
1374,Tanguay_ZF_120hpf_AXIS_legacy
1375,Tanguay_ZF_120hpf_EYE_legacy
1376,Tanguay_ZF_120hpf_SNOU_legacy
1377,Tanguay_ZF_120hpf_JAW_legacy
1378,Tanguay_ZF_120hpf_OTIC_legacy
1379,Tanguay_ZF_120hpf_PE_legacy
1380,Tanguay_ZF_120hpf_BRAI_legacy
1381,Tanguay_ZF_120hpf_SOMI_legacy
1382,Tanguay_ZF_120hpf_PFIN_legacy
1383,Tanguay_ZF_120hpf_CFIN_legacy
1384,Tanguay_ZF_120hpf_PIG_legacy
1385,Tanguay_ZF_120hpf_CIRC_legacy
1386,Tanguay_ZF_120hpf_TRUN_legacy
1387,Tanguay_ZF_120hpf_SWIM_legacy
1388,Tanguay_ZF_120hpf_NC_legacy
1389,Tanguay_ZF_120hpf_TR_legacy
1390,LTEA_HepaRG_SLC22A6
1644,CLD_ABCB11_48hr
1645,CLD_ABCG2_48hr
1646,CLD_ACTIN_48hr
1647,CLD_CYP1A1_48hr
1648,CLD_CYP1A2_48hr
1649,CLD_CYP2B6_48hr
1650,CLD_CYP2C19_48hr
1651,CLD_CYP2C9_48hr
1652,CLD_CYP3A4_48hr
1653,CLD_GAPDH_48hr
1654,CLD_GSTA2_48hr
1655,CLD_HMGCS2_48hr
1656,CLD_SLCO1B1_48hr
1657,CLD_SULT2A_48hr
1658,CLD_UGT1A1_48hr
1659,TOX21_RAR_LUC_Agonist
1660,TOX21_RAR_LUC_Agonist_viability
1661,TOX21_RORg_LUC_CHO_Antagonist
1662,TOX21_RORg_LUC_CHO_Antagonist_viability
1664,CEETOX_H295R_MTT_cell_viability
1682,STM_H9_CystineISnorm_perc
1688,STM_H9_OrnithineISnorm_perc
1690,STM_H9_OrnCyssISnorm_ratio
1744,NVS_ENZ_hPPP3CA
1746,ATG_GPCR_ADORA2A_TRANS
1748,ATG_GPCR_ADORA2B_TRANS
1750,ATG_GPCR_ADRA1A_TRANS
1752,ATG_GPCR_ADRA2B_TRANS
1754,ATG_GPCR_ADRB2_TRANS
1756,ATG_GPCR_ADRB3_TRANS
1758,ATG_GPCR_CHRM3_TRANS
1778,ATG_GPCR_HRH1_TRANS
1780,ATG_GPCR_HTR6_TRANS
1782,ATG_GPCR_HTR7_TRANS
1784,ATG_GPCR_LPAR4_TRANS
1786,ATG_GPCR_MC1R_TRANS
1788,ATG_GPCR_MC2R_TRANS
1790,ATG_GPCR_MC3R_TRANS
1792,ATG_GPCR_MC4R_TRANS
1760,ATG_GPCR_DRD1_TRANS
1762,ATG_GPCR_DRD5_TRANS
1764,ATG_GPCR_EDNRA_TRANS
1766,ATG_GPCR_GCGR_TRANS
1768,ATG_GPCR_GPBAR1_TRANS
1770,ATG_GPCR_GPR40_TRANS
1772,ATG_GPCR_GQ_TRANS
1774,ATG_GPCR_GS1_TRANS
1794,ATG_GPCR_PTGDR_TRANS
1796,ATG_GPCR_PTGIR_TRANS
1797,Tanguay_ZF_120hpf_ActivityScore_legacy
1816,TOX21_AR_LUC_MDAKB2_Antagonist_0.5nM_R1881
1817,TOX21_AR_LUC_MDAKB2_Antagonist_0.5nM_R1881_viability
1818,TOX21_RXR_BLA_Agonist_ch1
1819,TOX21_RXR_BLA_Agonist_ch2
1820,TOX21_RXR_BLA_Agonist_ratio
1776,ATG_GPCR_GS_TRANS
1821,TOX21_RXR_BLA_Agonist_viability
1822,TOX21_AR_LUC_MDAKB2_Agonist_3uM_Nilutamide
1823,TOX21_AR_LUC_MDAKB2_Agonist_3uM_Nilutamide_viability
1824,CCTE_Simmons_GUA_TPO
1825,ArunA_CellTiter_hNP
1826,ArunA_CellTiter_hNC
1827,ArunA_Migration_hNP
1829,ArunA_Migration_hNC
1831,ArunA_NOG_NucleusCount
1833,ArunA_NOG_NeuriteLength
1835,ArunA_NOG_NeuritesPerNeuron
1838,ArunA_NOG_BranchPointsPerNeurite
1839,TOX21_RAR_LUC_Antagonist
1840,TOX21_RAR_LUC_Antagonist_viability
1841,TOX21_H2AX_HTRF_CHO_Agonist_ch1
1842,TOX21_H2AX_HTRF_CHO_Agonist_ch2
1843,TOX21_H2AX_HTRF_CHO_Agonist_ratio
1844,TOX21_AP1_BLA_Agonist_ch1
1845,TOX21_AP1_BLA_Agonist_ch2
1846,TOX21_AP1_BLA_Agonist_ratio
1847,TOX21_AP1_BLA_Agonist_viability
1848,CCTE_Simmons_QuantiLum_inhib_2
1850,ACEA_AR_agonist_AUC_viability
1852,ACEA_ER_AUC_viability
1854,TOX21_MMP_ratio
1855,ACEA_AR_agonist_80hr
1856,ACEA_AR_antagonist_80hr
1857,ACEA_AR_antagonist_AUC_viability
1858,STM_H9_NormalizedViability
1913,ATG_chAR_XSP1
1915,ATG_frAR_XSP1
1917,ATG_hAR_XSP1
1919,ATG_trAR_XSP1
1921,ATG_zfAR_XSP1
1923,ATG_frER1_XSP1
1925,ATG_zfER1_XSP1
1927,ATG_zfER2a_XSP1
1929,ATG_zfER2b_XSP1
1931,ATG_frER2_XSP1
1933,ATG_chERa_XSP1
1935,ATG_hERa_XSP1
1937,ATG_trERa_XSP1
1939,ATG_hERb_XSP1
1941,ATG_GAL4_XSP1
1943,ATG_M_06_XSP1
1983,ATG_zfER1_XSP2
1985,ATG_chERa_XSP2
1987,ATG_zfER2a_XSP2
1989,ATG_hAR_XSP2
1991,ATG_chAR_XSP2
1993,ATG_frER1_XSP2
1995,ATG_frAR_XSP2
1945,ATG_M_19_XSP1
1947,ATG_M_32_XSP1
1949,ATG_M_61_XSP1
1951,ATG_hPPARg_XSP1
1953,ATG_mPPARg_XSP1
1955,ATG_zfPPARg_XSP1
1957,ATG_mPXR_XSP1
1959,ATG_frTRa_XSP1
1997,ATG_zfAR_XSP2
1999,ATG_zfER2b_XSP2
2001,ATG_hERa_XSP2
2003,ATG_M_19_XSP2
2005,ATG_M_32_XSP2
2007,ATG_frER2_XSP2
2009,ATG_mPPARg_XSP2
2011,ATG_zfPPARg_XSP2
1961,ATG_hTRa_XSP1
1963,ATG_trTRa_XSP1
1965,ATG_zfTRa_XSP1
1967,ATG_hTRb_XSP1
1969,ATG_zfTRb_XSP1
1971,ATG_XTT_Cytotoxicity_XSP1
1973,ATG_M_06_XSP2
1975,ATG_trERa_XSP2
2013,ATG_hPPARg_XSP2
2015,ATG_mPXR_XSP2
2017,ATG_trTRa_XSP2
2019,ATG_zfTRa_XSP2
2021,ATG_zfTRb_XSP2
2023,ATG_M_61_XSP2
2025,ATG_frTRa_XSP2
2027,ATG_hTRa_XSP2
1977,ATG_hERb_XSP2
1979,ATG_trAR_XSP2
1981,ATG_GAL4_XSP2
2029,ATG_hTRb_XSP2
2031,ATG_XTT_Cytotoxicity_XSP2
2037,CPHEA_Stoker_NIS_Inhibition_RAIU
2038,TOX21_TSHR_HTRF_Agonist_ch1
2039,TOX21_TSHR_HTRF_Agonist_ch2
2040,TOX21_TSHR_HTRF_Agonist_ratio
2041,TOX21_TSHR_HTRF_Antagonist_ch1
2042,TOX21_TSHR_HTRF_Antagonist_ch2
2043,TOX21_TSHR_HTRF_Antagonist_ratio
2044,TOX21_TSHR_wt_HTRF_Agonist_ch1
2045,TOX21_TSHR_wt_HTRF_Agonist_ch2
2046,TOX21_TSHR_wt_HTRF_Agonist_ratio
2047,TOX21_CAR_LUC_Agonist
2048,TOX21_CAR_LUC_Agonist_viability
2049,TOX21_CAR_LUC_Antagonist
2050,TOX21_CAR_LUC_Antagonist_viability
2053,TOX21_ERa_LUC_VM7_Antagonist_0.1nM_E2
2054,TOX21_ERa_LUC_VM7_Antagonist_0.1nM_E2_viability
2055,TOX21_ERR_LUC_Agonist
2057,TOX21_ERR_LUC_Antagonist
2059,TOX21_ERR_LUC_viability
2060,TOX21_H2AX_HTRF_CHO_viability
2061,TOX21_HDAC_LUC_Antagonist
2062,TOX21_HDAC_LUC_Antagonist_viability
2063,TOX21_HRE_BLA_Agonist_ch1
2064,TOX21_HRE_BLA_Agonist_ch2
2065,TOX21_HRE_BLA_Agonist_ratio
2066,TOX21_HRE_BLA_Agonist_viability
2067,TOX21_LUC_Biochem
2068,TOX21_PGC_ERR_LUC_Agonist
2070,TOX21_PGC_ERR_LUC_Antagonist
2072,TOX21_PGC_ERR_LUC_viability
2074,TOX21_RT_HEK293_FLO_00hr_viability
2075,TOX21_RT_HEK293_FLO_08hr_viability
2077,TOX21_RT_HEK293_FLO_16hr_viability
2217,TOX21_PR_BLA_Followup_Antagonist_ch2
2218,TOX21_PR_BLA_Followup_Agonist_ratio
2219,TOX21_PR_BLA_Followup_Antagonist_ratio
2220,TOX21_PR_BLA_Followup_Agonist_viability
2221,TOX21_PR_BLA_Followup_Antagonist_viability
2222,TOX21_PR_LUC_Followup_Agonist
2223,TOX21_PR_LUC_Followup_Antagonist
2224,TOX21_PR_LUC_Followup_Agonist_viability
2225,TOX21_PR_LUC_Followup_Antagonist_viability
2108,TOX21_SHH_3T3_GLI3_LUC_Antagonist
2109,TOX21_SHH_3T3_GLI3_LUC_Antagonist_viability
2110,CPHEA_Stoker_NIS_Cytotoxicity
2112,TOX21_AChE_Fluor_Antagonist
2113,TOX21_ERb_BLA_Agonist_ch1
2114,TOX21_ERb_BLA_Agonist_ch2
2115,TOX21_ERb_BLA_Agonist_ratio
2116,TOX21_ERb_BLA_Agonist_viability
2078,TOX21_RT_HEK293_FLO_24hr_viability
2080,TOX21_RT_HEK293_FLO_32hr_viability
2082,TOX21_RT_HEK293_FLO_40hr_viability
2084,TOX21_RT_HEK293_GLO_00hr_viability
2086,TOX21_RT_HEK293_GLO_08hr_viability
2088,TOX21_RT_HEK293_GLO_16hr_viability
2089,TOX21_RT_HEK293_GLO_24hr_viability
2091,TOX21_RT_HEK293_GLO_32hr_viability
2093,TOX21_RT_HEK293_GLO_40hr_viability
2094,TOX21_RT_HEPG2_FLO_00hr_viability
2095,TOX21_RT_HEPG2_FLO_08hr_viability
2096,TOX21_RT_HEPG2_FLO_16hr_viability
2226,TOX21_TR_LUC_GH3_Agonist_Followup
2227,TOX21_TR_LUC_GH3_Antagonist_Followup
2228,TOX21_TRA_COA_Agonist_Followup_ch1
2229,TOX21_TRA_COA_Agonist_Followup_ch2
2230,TOX21_TRA_COA_Agonist_Followup_ratio
2231,TOX21_TRA_COA_Antagonist_Followup_ch1
2232,TOX21_TRA_COA_Antagonist_Followup_ch2
2233,TOX21_TRA_COA_Antagonist_Followup_ratio
2234,TOX21_TRB_BLA_Agonist_Followup_ch1
2235,TOX21_TRB_BLA_Agonist_Followup_ch2
2236,TOX21_TRB_BLA_Agonist_Followup_ratio
2237,TOX21_TRB_BLA_Agonist_Followup_viability
2238,TOX21_TRB_BLA_Antagonist_Followup_ch1
2239,TOX21_TRB_BLA_Antagonist_Followup_ch2
2240,TOX21_TRB_BLA_Antagonist_Followup_ratio
2241,TOX21_TRB_BLA_Antagonist_Followup_viability
2117,TOX21_ERb_BLA_Antagonist_ch1
2118,TOX21_ERb_BLA_Antagonist_ch2
2119,TOX21_ERb_BLA_Antagonist_ratio
2120,TOX21_ERb_BLA_Antagonist_viability
2121,TOX21_PR_BLA_Agonist_ch1
2122,TOX21_PR_BLA_Agonist_ch2
2123,TOX21_PR_BLA_Agonist_ratio
2124,TOX21_PR_BLA_Agonist_viability
2125,TOX21_PR_BLA_Antagonist_ch1
2126,TOX21_PR_BLA_Antagonist_ch2
2127,TOX21_PR_BLA_Antagonist_ratio
2128,TOX21_PR_BLA_Antagonist_viability
2097,TOX21_RT_HEPG2_FLO_24hr_viability
2098,TOX21_RT_HEPG2_FLO_32hr_viability
2099,TOX21_RT_HEPG2_FLO_40hr_viability
2100,TOX21_RT_HEPG2_GLO_00hr_viability
2101,TOX21_RT_HEPG2_GLO_08hr_viability
2102,TOX21_RT_HEPG2_GLO_16hr_viability
2103,TOX21_RT_HEPG2_GLO_32hr_viability
2105,TOX21_RT_HEPG2_GLO_40hr_viability
2242,TOX21_TRB_COA_Agonist_Followup_ch1
2243,TOX21_TRB_COA_Agonist_Followup_ch2
2244,TOX21_TRB_COA_Agonist_Followup_ratio
2245,TOX21_TRB_COA_Antagonist_Followup_ch1
2246,TOX21_TRB_COA_Antagonist_Followup_ch2
2247,TOX21_TRB_COA_Antagonist_Followup_ratio
2251,TOX21_TR_RXR_BLA_Agonist_Followup_ch1
2252,TOX21_TR_RXR_BLA_Agonist_Followup_ch2
2106,TOX21_SHH_3T3_GLI3_LUC_Agonist
2107,TOX21_SHH_3T3_GLI3_LUC_Agonist_viability
2130,TOX21_DT40_100_LUC
2131,TOX21_DT40_657_LUC
2143,CEETOX_H295R_11DCORT_noMTC
2145,CEETOX_H295R_OHPREG_noMTC
2253,TOX21_TR_RXR_BLA_Agonist_Followup_ratio
2254,TOX21_TR_RXR_BLA_Agonist_Followup_viability
2255,TOX21_TR_RXR_BLA_Antagonist_Followup_ch1
2256,TOX21_TR_RXR_BLA_Antagonist_Followup_ch2
2257,TOX21_TR_RXR_BLA_Antagonist_Followup_ratio
2258,TOX21_TR_RXR_BLA_Antagonist_Followup_viability
2277,NVS_ENZ_hPDE1A1
2147,CEETOX_H295R_OHPROG_noMTC
2149,CEETOX_H295R_ANDR_noMTC
2151,CEETOX_H295R_CORTIC_noMTC
2153,CEETOX_H295R_CORTISOL_noMTC
2157,CEETOX_H295R_DOC_noMTC
2159,CEETOX_H295R_ESTRADIOL_noMTC
2161,CEETOX_H295R_ESTRONE_noMTC
2165,CEETOX_H295R_PROG_noMTC
2167,CEETOX_H295R_TESTO_noMTC
2210,TOX21_AChE_Colorimetric_Antagonist
2211,TOX21_ERa_LUC_VM7_Agonist_10nM_ICI182780
2212,TOX21_ERa_LUC_VM7_Agonist_10nM_ICI182780_viability
2213,TOX21_RT_HEPG2_GLO_24hr_viability
2214,TOX21_PR_BLA_Followup_Agonist_ch1
2215,TOX21_PR_BLA_Followup_Antagonist_ch1
2216,TOX21_PR_BLA_Followup_Agonist_ch2
2390,UPITT_HCI_U2OS_AR_TIF2_Nucleoli_Cytoplasm_Ratio_Antagonist
2391,UPITT_HCI_U2OS_AR_TIF2_Nucleoli_Cytoplasm_Ratio_Agonist
2442,CCTE_Simmons_MITO_basal_resp_rate
2444,CCTE_Simmons_MITO_max_resp_rate
2446,CCTE_Simmons_MITO_inhib_resp_rate
2450,CCTE_Simmons_MITO_viability
2451,CCTE_Harrill_HTTr_Viability_MCF7
2452,CCTE_Harrill_HTTr_Apoptosis_MCF7
2453,CCTE_Harrill_HTTr_CellCount_MCF7
2454,CCTE_Shafer_MEA_acute_spike_number
2456,CCTE_Shafer_MEA_acute_firing_rate_mean
2458,CCTE_Shafer_MEA_acute_burst_number
2460,CCTE_Shafer_MEA_acute_burst_duration_mean
2462,CCTE_Shafer_MEA_acute_per_burst_spike_number_mean
2464,CCTE_Shafer_MEA_acute_interburst_interval_mean
2466,CCTE_Shafer_MEA_acute_burst_percentage_mean
2468,CCTE_Shafer_MEA_acute_burst_percentage_std
2470,CCTE_Shafer_MEA_acute_per_network_burst_spike_number_mean
2472,CCTE_Shafer_MEA_acute_per_network_burst_spike_number_std
2474,CCTE_Shafer_MEA_acute_per_network_burst_electrodes_number_mean
2476,CCTE_Shafer_MEA_acute_network_burst_percentage
2478,CCTE_Shafer_MEA_acute_cross_correlation_area
2480,CCTE_Shafer_MEA_acute_cross_correlation_HWHM
2482,CCTE_Shafer_MEA_acute_synchrony_index
2484,CCTE_Deisenroth_AIME_96WELL_LUC_Active
2485,CCTE_Deisenroth_AIME_96WELL_CTox_Active
2486,CCTE_Deisenroth_AIME_96WELL_LUC_Inactive
2487,CCTE_Deisenroth_AIME_96WELL_CTox_Inactive
2488,CCTE_Deisenroth_AIME_384WELL_LUC_Active
2489,CCTE_Deisenroth_AIME_384WELL_CTox_Active
2279,NVS_ENZ_hPDE1B1
2281,NVS_ENZ_hPDE2A
2283,NVS_ENZ_hPDE3A
2285,NVS_ENZ_hPDE4B1
2287,NVS_ENZ_hPDE4C1
2289,NVS_ENZ_hPDE4D3
2490,CCTE_Deisenroth_AIME_384WELL_LUC_Inactive
2491,CCTE_Deisenroth_AIME_384WELL_CTox_Inactive
2492,CCTE_Deisenroth_AIME_384WELL_LUC_Shift
2494,CCTE_Shafer_MEA_dev_firing_rate_mean
2496,CCTE_Shafer_MEA_dev_burst_rate
2498,CCTE_Shafer_MEA_dev_active_electrodes_number
2500,CCTE_Shafer_MEA_dev_bursting_electrodes_number
2502,CCTE_Shafer_MEA_dev_per_burst_interspike_interval
2504,CCTE_Shafer_MEA_dev_per_burst_spike_percent
2506,CCTE_Shafer_MEA_dev_burst_duration_mean
2291,NVS_ENZ_hPDE7A
2293,NVS_ENZ_hPDE8A1
2295,NVS_ENZ_hPDE9A2
2297,CCTE_Harrill_HTTr_Viability_DMEM_6hr
2298,CCTE_Harrill_HTTr_Viability_DMEM_12hr
2299,CCTE_Harrill_HTTr_Viability_DMEM_24hr
2300,CCTE_Harrill_HTTr_Viability_PRF_DMEM_6hr
2301,CCTE_Harrill_HTTr_Viability_PRF_DMEM_12hr
2302,CCTE_Harrill_HTTr_Viability_PRF_DMEM_24hr
2303,CCTE_Harrill_HTTr_Apoptosis_DMEM_6hr
2304,CCTE_Harrill_HTTr_Apoptosis_DMEM_12hr
2305,CCTE_Harrill_HTTr_Apoptosis_DMEM_24hr
2306,CCTE_Harrill_HTTr_Apoptosis_PRF_DMEM_6hr
2307,CCTE_Harrill_HTTr_Apoptosis_PRF_DMEM_12hr
2308,CCTE_Harrill_HTTr_Apoptosis_PRF_DMEM_24hr
2309,CCTE_GLTED_hDIO1
2508,CCTE_Shafer_MEA_dev_interburst_interval_mean
2510,CCTE_Shafer_MEA_dev_network_spike_number
2512,CCTE_Shafer_MEA_dev_network_spike_peak
2514,CCTE_Shafer_MEA_dev_spike_duration_mean
2516,CCTE_Shafer_MEA_dev_network_spike_duration_std
2518,CCTE_Shafer_MEA_dev_inter_network_spike_interval_mean
2520,CCTE_Shafer_MEA_dev_per_network_spike_spike_number_mean
2522,CCTE_Shafer_MEA_dev_per_network_spike_spike_percent
2362,TOX21_PXR_LUC_Agonist_viability
2363,TOX21_PXR_LUC_Agonist
2364,TOX21_TRHR_HEK293_Agonist
2365,TOX21_TRHR_HEK293_Antagonist
2366,TOX21_CASP3_HEPG2
2367,TOX21_CASP3_HEPG2_viability
2368,TOX21_CASP3_CHO
2369,TOX21_CASP3_CHO_viability
2524,CCTE_Shafer_MEA_dev_correlation_coefficient_mean
2526,CCTE_Shafer_MEA_dev_mutual_information_norm
2529,CCTE_Shafer_MEA_dev_LDH
2530,CCTE_Shafer_MEA_dev_AB
2370,TOX21_SBE_BLA_Antagonist_ch1
2371,TOX21_SBE_BLA_Antagonist_ch2
2372,TOX21_SBE_BLA_Antagonist_ratio
2373,TOX21_SBE_BLA_Antagonist_viability
2374,TOX21_SBE_BLA_Agonist_ch1
2375,TOX21_SBE_BLA_Agonist_ch2
2376,TOX21_SBE_BLA_Agonist_ratio
2377,TOX21_SBE_BLA_Agonist_viability
2386,UPITT_HCI_U2OS_AR_TIF2_Nucleoli_Antagonist
2387,UPITT_HCI_U2OS_AR_TIF2_Nucleoli_Agonist
2532,CCTE_GLTED_hDIO2
2533,CCTE_GLTED_hDIO3
2540,CCTE_Shafer_MEA_acute_LDH
2541,CCTE_Shafer_MEA_acute_AB
2542,TOX21_MSTI_p2_activity_n
2543,TOX21_MSTI_p2_activity
2544,TOX21_p450_CYP3A4_Antagonist
2545,UKN5_HCS_SBAD2_neurite_outgrowth
2547,UKN5_HCS_SBAD2_cell_viability
2549,ERF_FR_ADME_hCYP2A6
2550,ERF_FR_ADME_hCYP2B6
2551,ERF_FR_ADME_hCYP2C19_CEC
2552,ERF_FR_ADME_hCYP2C19_Omeprazole
2553,ERF_FR_ADME_hCYP2C8
2554,ERF_FR_ADME_hCYP2C9
2555,ERF_FR_ADME_hCYP2E1
2556,ERF_FR_ADME_hCYP3A4
2557,ERF_TW_ENZ_bPDE1
2558,ERF_FR_ENZ_hABL1
2559,ERF_FR_ENZ_hAKT2
2560,ERF_FR_ENZ_hAKT3
2561,ERF_FR_ENZ_hAURKA
2562,ERF_TW_ENZ_hBTK
2563,ERF_FR_ENZ_hCDK2
2564,ERF_TW_ENZ_hCHK1
2566,ERF_FR_ENZ_hCSF1R
2567,ERF_TW_ENZ_hCSNK1A1
2568,ERF_TW_ENZ_hCSNK1D
2569,ERF_TW_ENZ_hCSNK2A1
2570,ERF_TW_ENZ_hCYP19A1
2571,ERF_FR_ENZ_hDUSP3
2572,ERF_FR_ENZ_hDYRK1A
2573,ERF_FR_ENZ_hEGFR
2574,ERF_FR_ENZ_hELANE
2575,ERF_FR_ENZ_hEPHA1
2576,ERF_FR_ENZ_hEPHA2
2577,ERF_FR_ENZ_hEPHB2
2578,ERF_FR_ENZ_hFGFR1
2579,ERF_FR_ENZ_hFGFR3
2580,ERF_FR_ENZ_hFLT1
2581,ERF_FR_ENZ_hFLT4
2582,ERF_FR_ENZ_hFYN
2583,ERF_FR_ENZ_hGSK3b
2584,ERF_FR_ENZ_hHDAC6
2585,ERF_FR_ENZ_hIRAK4
2586,ERF_FR_ENZ_hJAK2
2587,ERF_FR_ENZ_hKDR
2588,ERF_FR_ENZ_hLCK
2589,ERF_FR_ENZ_hLYN
2590,ERF_FR_ENZ_hMAOA
2591,ERF_FR_ENZ_hMAOB
2592,ERF_FR_ENZ_hMAPK1
2593,ERF_KP_ENZ_hMAPK11
2594,ERF_FR_ENZ_hMAPKAPK2
2595,ERF_TW_ENZ_hMAPKAPK5
2596,ERF_FR_ENZ_hMARK1
2597,ERF_FR_ENZ_hMET
2598,ERF_FR_ENZ_hMMP3
2599,ERF_FR_ENZ_hMMP9
2600,ERF_FR_ENZ_hMSK1
2601,ERF_FR_ENZ_hNEK2
2602,ERF_FR_ENZ_hNTRK1
2603,ERF_FR_ENZ_hPAK4
2604,ERF_FR_ENZ_hPDE10A
2605,ERF_FR_ENZ_hPDE4A
2606,ERF_TW_ENZ_hPDE4D2
2607,ERF_KP_ENZ_hPKD2
2608,ERF_KP_ENZ_hPRKAA1
2609,ERF_TW_ENZ_hPRKACA
2610,ERF_TW_ENZ_hPRKCZ
2611,ERF_TW_ENZ_hPTEN
2612,ERF_FR_ENZ_hPTGS2
2613,ERF_FR_ENZ_hPTPN11
2614,ERF_FR_ENZ_hPTPRB
2615,ERF_TW_ENZ_hPTPRF
2617,ERF_FR_ENZ_hRAF1
2618,ERF_FR_ENZ_hROCK1
2619,ERF_FR_ENZ_hSGK1
2620,ERF_FR_ENZ_hSIRT3
2621,ERF_FR_ENZ_hSRC
2622,ERF_FR_ENZ_hSYK
2623,ERF_FR_ENZ_hZAP70
2624,ERF_FR_ENZ_rACFSK_Agonist
2625,ERF_FR_ENZ_rACFSK_Antagonist
2626,ERF_TW_GPCR_binding_g5HT4
2627,ERF_TW_GPCR_binding_gANPA
2628,ERF_FR_GPCR_binding_hADORA1
2629,ERF_FR_GPCR_binding_hADORA2A
2630,ERF_FR_GPCR_binding_hADRA1A
2631,ERF_TW_GPCR_binding_hADRA2A
2632,ERF_TW_GPCR_binding_hADRA2C
2633,ERF_TW_GPCR_binding_hADRB1
2634,ERF_FR_GPCR_binding_hADRB2
2635,ERF_TW_GPCR_binding_hADRB3
2636,ERF_TW_GPCR_binding_hAGTR1
2637,ERF_TW_GPCR_binding_hAGTR2
2638,ERF_FR_GPCR_binding_hAVPR1A
2639,ERF_FR_GPCR_binding_hBDKRB2
2640,ERF_TW_GPCR_binding_hCCKAR
2641,ERF_FR_GPCR_binding_hCCKBR
2642,ERF_FR_GPCR_binding_hCHRM1
2643,ERF_FR_GPCR_binding_hCHRM2
2644,ERF_FR_GPCR_binding_hCHRM3
2645,ERF_FR_GPCR_binding_hCHRM4
2646,ERF_FR_GPCR_binding_hCHRM5
2647,ERF_FR_GPCR_binding_hCYSLTR1
2648,ERF_FR_GPCR_binding_hDRD1
2649,ERF_FR_GPCR_binding_hDRD2
2690,ERF_TW_NR_binding_rI2
2691,ERF_TW_TR_binding_hSLC35B3
2692,ERF_FR_TR_binding_hSLC6A2
2693,ERF_FR_TR_binding_hSLC6A3
2694,ERF_FR_TR_binding_hSLC6A4
2695,ERF_TW_TR_binding_rSLC18A2
2696,ERF_TW_TR_binding_rTSPO
2697,UKN2_HCS_IMR90_neural_migration
2699,UKN2_HCS_IMR90_cell_viability
2701,UKN4_HCS_LUHMES_neurite_outgrowth
2703,UKN4_HCS_LUHMES_cell_viability
2705,ERF_TW_NR_binding_hPPARG
2731,TAMU_HCS_1.5hr_SingleDonor1434_Cytotoxicity
2760,TAMU_PeakParms_SingleDonor1434_QT
2767,TAMU_PeakParms_SingleDonor1434_Chronotropy
2771,IUF_NPC1b_proliferation_BrdU_72hr
2773,IUF_NPC1a_proliferation_area_72hr
2775,IUF_NPC1_viability_72hr
2776,ERF_TW_NR_COA_hFXR_Agonist
2777,CCTE_Mundy_HCI_Cortical_NOG_BPCount
2778,CCTE_Mundy_HCI_Cortical_NOG_NeuriteCount
2779,CCTE_Mundy_HCI_Cortical_NOG_NeuriteLength
2780,CCTE_Mundy_HCI_Cortical_NOG_NeuronCount
2781,CCTE_Mundy_HCI_Cortical_Synap_Neur_Matur_BPCount
2782,CCTE_Mundy_HCI_Cortical_Synap_Neur_Matur_CellBodySpotCount
2783,CCTE_Mundy_HCI_Cortical_Synap_Neur_Matur_NeuriteCount
2784,CCTE_Mundy_HCI_Cortical_Synap_Neur_Matur_NeuriteLength
2785,CCTE_Mundy_HCI_Cortical_Synap_Neur_Matur_NeuriteSpotCountPerNeuriteLength
2786,CCTE_Mundy_HCI_Cortical_Synap_Neur_Matur_NeuriteSpotCountPerNeuron
2787,CCTE_Mundy_HCI_Cortical_Synap_Neur_Matur_NeuronCount
2788,CCTE_Mundy_HCI_Cortical_Synap_Neur_Matur_SynapseCount
2789,CCTE_Mundy_HCI_hN2_NOG_BPCount
2650,ERF_TW_GPCR_binding_hDRD4
2651,ERF_FR_GPCR_binding_hGALR1
2652,ERF_FR_GPCR_binding_hHRH1
2653,ERF_FR_GPCR_binding_hHTR1A
2654,ERF_FR_GPCR_binding_hHTR5A
2655,ERF_FR_GPCR_binding_hHTR6
2656,ERF_FR_GPCR_binding_hHTR7
2657,ERF_TW_GPCR_binding_hLTB4R
2790,CCTE_Mundy_HCI_hN2_NOG_NeuriteCount
2791,CCTE_Mundy_HCI_hN2_NOG_NeuriteLength
2792,CCTE_Mundy_HCI_hN2_NOG_NeuronCount
2793,CCTE_Mundy_HCI_hNP1_Casp3_7
2794,CCTE_Mundy_HCI_hNP1_CellTiter
2797,CCTE_Mundy_HCI_hNP1_Pro_ResponderAvgInten
2808,UTOR_hL-FABP_binding_Kd
2809,BSK_BT_Bcell_Proliferation
2658,ERF_FR_GPCR_binding_hNPY1R
2659,ERF_FR_GPCR_binding_hNPY2R
2660,ERF_FR_GPCR_binding_hNTSR1
2661,ERF_FR_GPCR_binding_hOPRD1
2662,ERF_FR_GPCR_binding_hOPRL1
2663,ERF_FR_GPCR_binding_hOPRM1
2664,ERF_FR_GPCR_binding_hOXTR
2665,ERF_TW_GPCR_binding_hTACR1
2666,ERF_TW_GPCR_binding_hTACR2
2811,BSK_BT_PBMCCytotoxicity
2813,BSK_BT_sIgG
2815,BSK_BT_xIL17A
2817,BSK_BT_xIL17F
2819,BSK_BT_xIL2
2821,BSK_BT_xIL6
2823,BSK_BT_xTNFa
2825,BSK_MyoF_ACTA1
2827,BSK_MyoF_bFGF
2829,BSK_MyoF_VCAM1
2831,BSK_MyoF_CollagenI
2667,ERF_FR_GPCR_binding_hVIPR1
2668,ERF_FR_GPCR_binding_rGHB
2669,ERF_FR_GPCR_binding_rPY2
2670,ERF_FR_IC_binding_rCACNA1C_Dihydropyridine
2671,ERF_FR_IC_binding_rCACNA1C_Diltiazem
2672,ERF_FR_IC_binding_rKCNJ1
2673,ERF_FR_IC_binding_rKCNN1
2674,ERF_FR_IC_binding_rSCN1A
2675,ERF_FR_LGIC_binding_hGABRA1
2676,ERF_FR_LGIC_binding_rGLRA1
2677,ERF_FR_LGIC_binding_rGRIA1
2678,ERF_FR_LGIC_binding_rGRIK1
2833,BSK_MyoF_CollagenIII
2835,BSK_MyoF_CollagenIV
2837,BSK_MyoF_IL8
2839,BSK_MyoF_Decorin
2841,BSK_MyoF_MMP1
2843,BSK_MyoF_PAI1
2845,BSK_MyoF_SRB
2847,BSK_MyoF_TIMP1
2679,ERF_TW_LGIC_binding_rGRIN1
2680,ERF_FR_MP_binding_hTSPO
2681,ERF_TW_NR_binding_hAR
2682,ERF_TW_NR_COA_hFXR_Antagonist
2683,ERF_FR_NR_binding_hGR
2684,ERF_TW_NR_binding_hHTR2C
2685,ERF_FR_NR_binding_hPGR
2686,ERF_FR_NR_binding_hPPARA
2687,ERF_FR_NR_binding_hPPARG
2688,ERF_TW_NR_binding_hRARa
2689,ERF_TW_NR_COA_hTHRA
2849,BSK_BF4T_MCP1
2851,BSK_BF4T_Eotaxin3
2853,BSK_BF4T_VCAM1
2855,BSK_BF4T_ICAM1
2857,BSK_BF4T_CD90
2859,BSK_BF4T_IL8
2861,BSK_BF4T_IL1a
2863,BSK_BF4T_Keratin818
2865,BSK_BF4T_MMP1
2867,BSK_BF4T_MMP3
2869,BSK_BF4T_MMP9
2871,BSK_BF4T_PAI1
2873,BSK_BF4T_SRB
2875,BSK_BF4T_tPA
2877,BSK_BF4T_uPA
2879,BSK_BE3C_ICAM1
2881,BSK_BE3C_ITAC
2883,BSK_BE3C_IL8
2885,BSK_BE3C_EGFR
2887,BSK_BE3C_Keratin818
2889,BSK_BE3C_MMP9
2891,BSK_CASM3C_PAI1
2893,BSK_hDFCGF_MCP1
2895,BSK_hDFCGF_ICAM1
2897,BSK_hDFCGF_CollagenI
2899,BSK_hDFCGF_ITAC
2901,BSK_hDFCGF_TIMP2
2903,BSK_KF3CT_IL8
2905,BSK_KF3CT_MIG
2907,BSK_KF3CT_PAI1
2909,BSK_IMphg_MCP1
2911,BSK_IMphg_MIP1a
2913,BSK_IMphg_VCAM1
2915,BSK_IMphg_CD40
2917,BSK_IMphg_ESelectin
2919,BSK_IMphg_CD69
2921,BSK_IMphg_IL8
2923,BSK_IMphg_IL1a
2925,BSK_IMphg_MCSF
2927,BSK_IMphg_IL10
2929,BSK_IMphg_SRB
2931,BSK_IMphg_SRB.Mphg
2933,BSK_LPS_Thrombomodulin
2935,BSK_LPS_CD69
2938,IUF_NPC2a_radial_glia_migration_72hr
2940,IUF_NPC2a_radial_glia_migration_120hr
2942,IUF_NPC2b_neuronal_migration_120hr
2944,IUF_NPC2c_oligodendrocyte_migration_120hr
2946,IUF_NPC3_neuronal_differentiation_120hr
2948,IUF_NPC4_neurite_length_120hr
2950,IUF_NPC4_neurite_area_120hr
2952,IUF_NPC5_oligodendrocyte_differentiation_120hr
2954,IUF_NPC2-5_cytotoxicity_72hr
2956,IUF_NPC2-5_cytotoxicity_120hr
2958,IUF_NPC2-5_cell_number_120hr
2960,IUF-NPC2-5_viability_120hr
3017,TOX21_MSTI_p3_activity
3018,TOX21_MSTI_p3_activity_n
3019,VALA_TUBHUV_Agonist_CellCount
3020,VALA_TUBHUV_Agonist_TubuleLength
3021,VALA_TUBHUV_Antagonist_CellCount
3022,VALA_TUBHUV_Antagonist_TubuleLength
3023,VALA_TUBIPS_Agonist_CellCount
3024,VALA_TUBIPS_Agonist_TubuleLength
3025,VALA_TUBIPS_Antagonist_CellCount
3026,VALA_TUBIPS_Antagonist_TubuleLength
3027,VALA_MIGHUV1_ScratchOnly_CellCount
3028,VALA_MIGHUV1_ScratchOnly_WoundArea
3029,VALA_MIGHUV2_CellCount
3030,VALA_MIGHUV2_Bcatenin
3031,VALA_MIGHUV2_WoundArea
3032,CCTE_GLTED_hIYD
3067,CCTE_Mundy_HCI_iCellGluta_NOG_BPCount
3068,CCTE_Mundy_HCI_iCellGluta_NOG_NeuriteCount
3069,CCTE_Mundy_HCI_iCellGluta_NOG_NeuriteLength
3070,CCTE_Mundy_HCI_iCellGluta_NOG_NeuronCount
3072,CCTE_Deisenroth_5AR_NBTE_autofluor
3074,CCTE_Deisenroth_5AR_NBTE_donor
3076,CCTE_Deisenroth_5AR_NBTE_acceptor
3078,CCTE_Deisenroth_5AR_NBTE_ratio
3086,TAMU_PeakParms_SingleDonor1434_Asystole
3087,IUF_NPC1_cytotoxicity_72hr
3088,CCTE_GLTED_hTBG
3089,CCTE_GLTED_hTTR_0.5uM
3090,CCTE_GLTED_hTPO
3091,CCTE_GLTED_xDIO3
3092,CCTE_GLTED_xIYD
3094,CCTE_Deisenroth_DEVTOX-GLR_legacy_Sox17
3095,CCTE_Deisenroth_DEVTOX-GLR_legacy_Sox2
3096,CCTE_Deisenroth_DEVTOX-GLR_legacy_Bra
3098,CCTE_Deisenroth_DEVTOX-GLR_legacy_CellCount
3099,ATG_frGR_EcoTox2
3101,ATG_rtGR_EcoTox2
3103,ATG_jmGR_EcoTox2
3105,ATG_zfGR_EcoTox2
3107,ATG_hPPARa_EcoTox2
3109,ATG_frPPARa_EcoTox2
3111,ATG_rtPPARa_EcoTox2
3113,ATG_jmPPARa_EcoTox2
3115,ATG_zfPPARa_EcoTox2
3117,ATG_hPPARg_EcoTox2
3231,CCTE_Deisenroth_DEVTOX-GLR_Ecto_SOX17
3232,CCTE_Deisenroth_DEVTOX-GLR_Ecto_SOX2
3233,CCTE_Deisenroth_DEVTOX-GLR_Ecto_BRA
3234,CCTE_Deisenroth_DEVTOX-GLR_Ecto_CellCount
3235,CCTE_Deisenroth_DEVTOX-GLR_Pluri_SOX17
3186,TOX21_p450_CYP2C19_Antagonist
3187,TOX21_p450_CYP2C9_Antagonist
3188,TOX21_p450_CYP1A2_Antagonist
3189,TOX21_AChE_ms_Antagonist
3190,TOX21_AChE_Antagonist
3194,Tanguay_ZF_120hpf_MO24
3195,Tanguay_ZF_120hpf_DP24
3196,Tanguay_ZF_120hpf_SM24
3197,Tanguay_ZF_120hpf_MORT
3198,Tanguay_ZF_120hpf_CRAN
3236,CCTE_Deisenroth_DEVTOX-GLR_Pluri_SOX2
3237,CCTE_Deisenroth_DEVTOX-GLR_Pluri_BRA
3238,CCTE_Deisenroth_DEVTOX-GLR_Pluri_CellCount
3243,ERF_TW_NR_binding_hERa
3264,CCTE_GLTED_hTTR_0.125uM
3119,ATG_frPPARg_EcoTox2
3121,ATG_rtPPARg_EcoTox2
3123,ATG_jmPPARg_EcoTox2
3125,ATG_zfPPARg_EcoTox2
3127,ATG_hRXRb_EcoTox2
3129,ATG_frRXRb_EcoTox2
3131,ATG_rtRXRb_EcoTox2
3199,Tanguay_ZF_120hpf_AXIS
3200,Tanguay_ZF_120hpf_EDEM
3201,Tanguay_ZF_120hpf_MUSC
3202,Tanguay_ZF_120hpf_LTRK
3203,Tanguay_ZF_120hpf_BRN
3204,Tanguay_ZF_120hpf_SKIN
3205,Tanguay_ZF_120hpf_NC
3206,Tanguay_ZF_120hpf_TCHR
3133,ATG_jmRXRb_EcoTox2
3135,ATG_zfRXRb_EcoTox2
3137,ATG_hERa_EcoTox2
3139,ATG_zfER1_EcoTox2
3141,ATG_frER1_EcoTox2
3143,ATG_hAR_EcoTox2
3145,ATG_zfAR_EcoTox2
3147,ATG_M_61_EcoTox2
3207,Tanguay_ZF_120hpf_ANY
3210,TOX21_hERG_U2OS_Antagonist
3211,CCTE_Padilla_ZF_Score.Living
3212,CCTE_Padilla_ZF_Score.Hatched
3213,CCTE_Padilla_ZF_Score.General
3214,CCTE_Padilla_ZF_Score.Swim_bladder
3215,CCTE_Padilla_ZF_Score.Craniofacial
3216,CCTE_Padilla_ZF_Score.Edema
3217,CCTE_Padilla_ZF_Score.Spine
3218,CCTE_Padilla_ZF_Score.Pigmentation
3219,CCTE_Padilla_ZF_Score.Position
3220,CCTE_Padilla_ZF_Score.Tail
3221,CCTE_Padilla_ZF_Score.Blood_pooling
3222,CCTE_Padilla_ZF_Score.Any
3223,CCTE_Deisenroth_DEVTOX-GLR_Endo_SOX17
3224,CCTE_Deisenroth_DEVTOX-GLR_Endo_SOX2
3149,ATG_M_06_EcoTox2
3151,ATG_M_32_EcoTox2
3153,ATG_M_19_EcoTox2
3155,ATG_hGR_EcoTox2
3161,CCTE_Deisenroth_H295R-HTRF_384WELL_ESTRADIOL
3162,CCTE_Deisenroth_H295R-HTRF_384WELL_TESTOSTERONE
3163,CCTE_Deisenroth_H295R-HTRF_384WELL_CTOX
3164,CCTE_Mundy_HCI_iCellGABA_NOG_BPCount
3165,CCTE_Mundy_HCI_iCellGABA_NOG_NeuriteCount
3166,CCTE_Mundy_HCI_iCellGABA_NOG_NeuriteLength
3167,CCTE_Mundy_HCI_iCellGABA_NOG_NeuronCount
3168,ERF_US_NR_hESR1
3229,CCTE_Deisenroth_DEVTOX-GLR_Meso_BRA
3230,CCTE_Deisenroth_DEVTOX-GLR_Meso_CellCount
3169,ERF_US_NR_hNFE2L2
3170,ERF_US_NR_hPPARA
3171,ERF_US_NR_hPPARD
3172,ERF_US_NR_hPPARG
3173,ERF_FR_NR_COA_hPPARA
3174,ERF_FR_NR_COA_hPPARD
3175,ERF_FR_NR_COA_hPPARG
3177,ERF_TW_NR_COA_hRARG
3178,ERF_TW_NR_COA_hRXRB
3179,ERF_TW_NR_COA_hESR1
3180,ERF_TW_NR_COA_hPPARA
3181,ERF_TW_NR_COA_hPPARG
3185,TOX21_p450_CYP2D6_Antagonist
3225,CCTE_Deisenroth_DEVTOX-GLR_Endo_BRA
3226,CCTE_Deisenroth_DEVTOX-GLR_Endo_CellCount
3227,CCTE_Deisenroth_DEVTOX-GLR_Meso_SOX17
3228,CCTE_Deisenroth_DEVTOX-GLR_Meso_SOX2
